frame,confidence,model
0,0.9838753938674927,Caffe SSD
0,0.9786460995674133,Caffe SSD
0,0.11298900097608566,Caffe SSD
0,0.1027732715010643,Caffe SSD
0,0.10112205892801285,Caffe SSD
1,0.9878629446029663,Caffe SSD
1,0.9828458428382874,Caffe SSD
1,0.11933916062116623,Caffe SSD
1,0.10361998528242111,Caffe SSD
1,0.10333932936191559,Caffe SSD
2,0.9928521513938904,Caffe SSD
2,0.9812865853309631,Caffe SSD
2,0.10805624723434448,Caffe SSD
2,0.10716524720191956,Caffe SSD
2,0.10459572821855545,Caffe SSD
2,0.10417215526103973,Caffe SSD
2,0.10252497345209122,Caffe SSD
2,0.10025332868099213,Caffe SSD
3,0.9932870268821716,Caffe SSD
3,0.9864094257354736,Caffe SSD
3,0.11159409582614899,Caffe SSD
3,0.10973604768514633,Caffe SSD
3,0.10371842980384827,Caffe SSD
4,0.9923321008682251,Caffe SSD
4,0.989153265953064,Caffe SSD
4,0.11135631054639816,Caffe SSD
4,0.10724608600139618,Caffe SSD
4,0.10040707886219025,Caffe SSD
4,0.10009041428565979,Caffe SSD
5,0.991346538066864,Caffe SSD
5,0.990481972694397,Caffe SSD
5,0.10900361835956573,Caffe SSD
5,0.10669645667076111,Caffe SSD
6,0.9925997257232666,Caffe SSD
6,0.9894967079162598,Caffe SSD
6,0.11180467903614044,Caffe SSD
6,0.11121857911348343,Caffe SSD
7,0.9935575127601624,Caffe SSD
7,0.9878301024436951,Caffe SSD
7,0.11700933426618576,Caffe SSD
7,0.11311011016368866,Caffe SSD
7,0.10454421490430832,Caffe SSD
8,0.9933977127075195,Caffe SSD
8,0.9916797280311584,Caffe SSD
8,0.10767058283090591,Caffe SSD
8,0.10310307145118713,Caffe SSD
8,0.10170584172010422,Caffe SSD
9,0.9928228855133057,Caffe SSD
9,0.9924919009208679,Caffe SSD
9,0.11156069487333298,Caffe SSD
9,0.10909631848335266,Caffe SSD
9,0.10329189896583557,Caffe SSD
10,0.9938198924064636,Caffe SSD
10,0.9895575642585754,Caffe SSD
10,0.11664418131113052,Caffe SSD
10,0.10965026915073395,Caffe SSD
10,0.10408562421798706,Caffe SSD
10,0.10196501761674881,Caffe SSD
11,0.9926339983940125,Caffe SSD
11,0.9863705635070801,Caffe SSD
11,0.11319226771593094,Caffe SSD
11,0.10505648702383041,Caffe SSD
11,0.10061557590961456,Caffe SSD
12,0.9947201013565063,Caffe SSD
12,0.9865444302558899,Caffe SSD
12,0.10305796563625336,Caffe SSD
12,0.10222990065813065,Caffe SSD
13,0.993722140789032,Caffe SSD
13,0.9911778569221497,Caffe SSD
13,0.1040988489985466,Caffe SSD
13,0.10343030840158463,Caffe SSD
13,0.10157626867294312,Caffe SSD
13,0.10129332542419434,Caffe SSD
13,0.10058701038360596,Caffe SSD
14,0.9938722848892212,Caffe SSD
14,0.991751492023468,Caffe SSD
14,0.11187326163053513,Caffe SSD
14,0.10804527252912521,Caffe SSD
14,0.10601072758436203,Caffe SSD
14,0.1052454486489296,Caffe SSD
14,0.10292180627584457,Caffe SSD
15,0.9944960474967957,Caffe SSD
15,0.9906444549560547,Caffe SSD
15,0.11490849405527115,Caffe SSD
15,0.10621757805347443,Caffe SSD
15,0.10601723194122314,Caffe SSD
15,0.10537628084421158,Caffe SSD
15,0.10359752923250198,Caffe SSD
15,0.10020961612462997,Caffe SSD
16,0.9945845007896423,Caffe SSD
16,0.9898685216903687,Caffe SSD
16,0.10636541247367859,Caffe SSD
16,0.10389372706413269,Caffe SSD
16,0.10103925317525864,Caffe SSD
17,0.9939776659011841,Caffe SSD
17,0.9809330701828003,Caffe SSD
17,0.10493061691522598,Caffe SSD
17,0.10347532480955124,Caffe SSD
18,0.992557168006897,Caffe SSD
18,0.9721094965934753,Caffe SSD
18,0.10671013593673706,Caffe SSD
18,0.10188792645931244,Caffe SSD
18,0.10126081854104996,Caffe SSD
19,0.9926648736000061,Caffe SSD
19,0.9753860831260681,Caffe SSD
19,0.10444101691246033,Caffe SSD
19,0.10128673166036606,Caffe SSD
20,0.9935732483863831,Caffe SSD
20,0.978663444519043,Caffe SSD
20,0.10991016030311584,Caffe SSD
20,0.10319925099611282,Caffe SSD
21,0.995098888874054,Caffe SSD
21,0.9701275825500488,Caffe SSD
21,0.10576644539833069,Caffe SSD
21,0.10063578188419342,Caffe SSD
22,0.9954505562782288,Caffe SSD
22,0.966174840927124,Caffe SSD
22,0.1411273330450058,Caffe SSD
22,0.11013025790452957,Caffe SSD
22,0.10573731362819672,Caffe SSD
23,0.9939898252487183,Caffe SSD
23,0.9637002944946289,Caffe SSD
23,0.11065980046987534,Caffe SSD
23,0.10985977202653885,Caffe SSD
23,0.10299351811408997,Caffe SSD
24,0.9928306937217712,Caffe SSD
24,0.9638801217079163,Caffe SSD
24,0.10769745707511902,Caffe SSD
25,0.9900872111320496,Caffe SSD
25,0.9608108401298523,Caffe SSD
25,0.11162307113409042,Caffe SSD
25,0.10412989556789398,Caffe SSD
25,0.10089515149593353,Caffe SSD
25,0.10079777240753174,Caffe SSD
26,0.99186110496521,Caffe SSD
26,0.9618454575538635,Caffe SSD
26,0.11100846529006958,Caffe SSD
26,0.10149247199296951,Caffe SSD
27,0.9886813163757324,Caffe SSD
27,0.9619494676589966,Caffe SSD
27,0.11478270590305328,Caffe SSD
28,0.9896370768547058,Caffe SSD
28,0.9530904293060303,Caffe SSD
28,0.11267642676830292,Caffe SSD
28,0.10506846010684967,Caffe SSD
29,0.9867729544639587,Caffe SSD
29,0.9647735953330994,Caffe SSD
29,0.11167603731155396,Caffe SSD
29,0.10778535157442093,Caffe SSD
29,0.10632729530334473,Caffe SSD
30,0.983176589012146,Caffe SSD
30,0.9764971733093262,Caffe SSD
30,0.11981501430273056,Caffe SSD
30,0.11413542926311493,Caffe SSD
30,0.10217607021331787,Caffe SSD
30,0.1003509908914566,Caffe SSD
31,0.9862456321716309,Caffe SSD
31,0.981916069984436,Caffe SSD
31,0.12527595460414886,Caffe SSD
31,0.11283735185861588,Caffe SSD
32,0.9880473613739014,Caffe SSD
32,0.9877259135246277,Caffe SSD
32,0.11943812668323517,Caffe SSD
32,0.10439037531614304,Caffe SSD
32,0.10351375490427017,Caffe SSD
32,0.10057675093412399,Caffe SSD
33,0.9912569522857666,Caffe SSD
33,0.9897587299346924,Caffe SSD
33,0.10850335657596588,Caffe SSD
33,0.10681063681840897,Caffe SSD
33,0.10185431689023972,Caffe SSD
33,0.10082738101482391,Caffe SSD
33,0.10037694871425629,Caffe SSD
34,0.9939541220664978,Caffe SSD
34,0.9907404184341431,Caffe SSD
34,0.11297404766082764,Caffe SSD
34,0.11250421404838562,Caffe SSD
34,0.10766984522342682,Caffe SSD
35,0.9928332567214966,Caffe SSD
35,0.992643415927887,Caffe SSD
35,0.13213381171226501,Caffe SSD
35,0.12419763207435608,Caffe SSD
35,0.11849211156368256,Caffe SSD
36,0.9938849806785583,Caffe SSD
36,0.9918312430381775,Caffe SSD
36,0.13399770855903625,Caffe SSD
36,0.12999017536640167,Caffe SSD
36,0.11522264033555984,Caffe SSD
37,0.9951006770133972,Caffe SSD
37,0.993448793888092,Caffe SSD
37,0.13396073877811432,Caffe SSD
37,0.12553834915161133,Caffe SSD
37,0.10568416118621826,Caffe SSD
37,0.10160475969314575,Caffe SSD
38,0.9960967898368835,Caffe SSD
38,0.9936304688453674,Caffe SSD
38,0.14040133357048035,Caffe SSD
38,0.1023431122303009,Caffe SSD
38,0.10109243541955948,Caffe SSD
39,0.9967591166496277,Caffe SSD
39,0.9899274706840515,Caffe SSD
39,0.20187385380268097,Caffe SSD
39,0.10363384336233139,Caffe SSD
40,0.9973894953727722,Caffe SSD
40,0.9888595342636108,Caffe SSD
40,0.17335490882396698,Caffe SSD
40,0.10435228794813156,Caffe SSD
41,0.9973452687263489,Caffe SSD
41,0.9927559494972229,Caffe SSD
41,0.14971691370010376,Caffe SSD
41,0.12014903873205185,Caffe SSD
41,0.1052004024386406,Caffe SSD
42,0.9977637529373169,Caffe SSD
42,0.9914131164550781,Caffe SSD
42,0.20124678313732147,Caffe SSD
42,0.106669120490551,Caffe SSD
42,0.10542134195566177,Caffe SSD
42,0.10457863658666611,Caffe SSD
42,0.10308142006397247,Caffe SSD
43,0.9979357719421387,Caffe SSD
43,0.9844313263893127,Caffe SSD
43,0.20679053664207458,Caffe SSD
43,0.10690142214298248,Caffe SSD
43,0.10453315079212189,Caffe SSD
43,0.1037883311510086,Caffe SSD
43,0.10302658379077911,Caffe SSD
44,0.9982513785362244,Caffe SSD
44,0.9819961786270142,Caffe SSD
44,0.20827969908714294,Caffe SSD
44,0.12085220217704773,Caffe SSD
44,0.11051460355520248,Caffe SSD
44,0.10723701119422913,Caffe SSD
44,0.10340413451194763,Caffe SSD
44,0.10208038240671158,Caffe SSD
45,0.9981162548065186,Caffe SSD
45,0.9743137955665588,Caffe SSD
45,0.2593199610710144,Caffe SSD
45,0.12721721827983856,Caffe SSD
45,0.10909301042556763,Caffe SSD
45,0.10500160604715347,Caffe SSD
45,0.10405909270048141,Caffe SSD
46,0.9979640245437622,Caffe SSD
46,0.9730737209320068,Caffe SSD
46,0.31336838006973267,Caffe SSD
46,0.10443133115768433,Caffe SSD
46,0.10376028716564178,Caffe SSD
46,0.10313002020120621,Caffe SSD
46,0.10127594321966171,Caffe SSD
47,0.9982159733772278,Caffe SSD
47,0.966903567314148,Caffe SSD
47,0.28687143325805664,Caffe SSD
47,0.10405611991882324,Caffe SSD
47,0.10274083912372589,Caffe SSD
47,0.10253553837537766,Caffe SSD
47,0.10148830711841583,Caffe SSD
47,0.10139450430870056,Caffe SSD
48,0.9981915354728699,Caffe SSD
48,0.9585471153259277,Caffe SSD
48,0.276592880487442,Caffe SSD
48,0.13783316314220428,Caffe SSD
48,0.1194564551115036,Caffe SSD
48,0.10676299780607224,Caffe SSD
48,0.10227883607149124,Caffe SSD
48,0.1016385480761528,Caffe SSD
49,0.99809330701828,Caffe SSD
49,0.958781898021698,Caffe SSD
49,0.26249998807907104,Caffe SSD
49,0.11386097222566605,Caffe SSD
49,0.10664547234773636,Caffe SSD
49,0.1059887707233429,Caffe SSD
49,0.105958491563797,Caffe SSD
49,0.10081465542316437,Caffe SSD
50,0.9979605674743652,Caffe SSD
50,0.9477056264877319,Caffe SSD
50,0.3995470702648163,Caffe SSD
50,0.10576455295085907,Caffe SSD
51,0.9978214502334595,Caffe SSD
51,0.8587062954902649,Caffe SSD
51,0.3093366324901581,Caffe SSD
51,0.1051594540476799,Caffe SSD
52,0.9978137016296387,Caffe SSD
52,0.7261298894882202,Caffe SSD
52,0.26562586426734924,Caffe SSD
52,0.10413829237222672,Caffe SSD
52,0.10108405351638794,Caffe SSD
53,0.9977387189865112,Caffe SSD
53,0.7388842701911926,Caffe SSD
53,0.26127898693084717,Caffe SSD
53,0.10405334830284119,Caffe SSD
54,0.9976471066474915,Caffe SSD
54,0.8363569378852844,Caffe SSD
54,0.26331666111946106,Caffe SSD
54,0.10314668715000153,Caffe SSD
54,0.10062010586261749,Caffe SSD
55,0.9977733492851257,Caffe SSD
55,0.8588503003120422,Caffe SSD
55,0.21127378940582275,Caffe SSD
55,0.10875684022903442,Caffe SSD
55,0.10272037982940674,Caffe SSD
56,0.9978471994400024,Caffe SSD
56,0.8918164372444153,Caffe SSD
56,0.21790510416030884,Caffe SSD
56,0.11904191225767136,Caffe SSD
56,0.1032179743051529,Caffe SSD
57,0.9979004859924316,Caffe SSD
57,0.8874107599258423,Caffe SSD
57,0.20263099670410156,Caffe SSD
57,0.10169603675603867,Caffe SSD
57,0.10002943873405457,Caffe SSD
58,0.9979571104049683,Caffe SSD
58,0.8742756843566895,Caffe SSD
58,0.17605410516262054,Caffe SSD
58,0.11510792374610901,Caffe SSD
58,0.10557542741298676,Caffe SSD
58,0.1031980812549591,Caffe SSD
58,0.101378433406353,Caffe SSD
58,0.10087287425994873,Caffe SSD
59,0.9980379939079285,Caffe SSD
59,0.8610489368438721,Caffe SSD
59,0.16096559166908264,Caffe SSD
59,0.11124193668365479,Caffe SSD
59,0.10427962988615036,Caffe SSD
59,0.10006420314311981,Caffe SSD
60,0.9979979395866394,Caffe SSD
60,0.9113832116127014,Caffe SSD
60,0.16433964669704437,Caffe SSD
60,0.10668982565402985,Caffe SSD
60,0.10373962670564651,Caffe SSD
60,0.10148070007562637,Caffe SSD
60,0.10101104527711868,Caffe SSD
61,0.9977577328681946,Caffe SSD
61,0.9475523233413696,Caffe SSD
61,0.17086875438690186,Caffe SSD
61,0.10296164453029633,Caffe SSD
61,0.10138347744941711,Caffe SSD
62,0.9972538352012634,Caffe SSD
62,0.9695531725883484,Caffe SSD
62,0.19161264598369598,Caffe SSD
62,0.10283970832824707,Caffe SSD
62,0.10074667632579803,Caffe SSD
63,0.9971492886543274,Caffe SSD
63,0.9757728576660156,Caffe SSD
63,0.19728295505046844,Caffe SSD
63,0.1032494306564331,Caffe SSD
64,0.9969545602798462,Caffe SSD
64,0.9781544804573059,Caffe SSD
64,0.15229330956935883,Caffe SSD
64,0.10867085307836533,Caffe SSD
64,0.10598259419202805,Caffe SSD
64,0.10362281650304794,Caffe SSD
65,0.99674391746521,Caffe SSD
65,0.962921142578125,Caffe SSD
65,0.13058100640773773,Caffe SSD
65,0.10903780907392502,Caffe SSD
65,0.10616922378540039,Caffe SSD
66,0.9973540306091309,Caffe SSD
66,0.9457013010978699,Caffe SSD
66,0.15334433317184448,Caffe SSD
66,0.10754294693470001,Caffe SSD
66,0.10692504793405533,Caffe SSD
67,0.9973964691162109,Caffe SSD
67,0.9598058462142944,Caffe SSD
67,0.14969953894615173,Caffe SSD
67,0.10848797857761383,Caffe SSD
67,0.10353529453277588,Caffe SSD
67,0.10344047844409943,Caffe SSD
67,0.10013972967863083,Caffe SSD
68,0.9975343942642212,Caffe SSD
68,0.9641642570495605,Caffe SSD
68,0.1467554122209549,Caffe SSD
68,0.12014927715063095,Caffe SSD
68,0.1052568256855011,Caffe SSD
68,0.1051076129078865,Caffe SSD
68,0.10043630748987198,Caffe SSD
69,0.9968292117118835,Caffe SSD
69,0.9682406783103943,Caffe SSD
69,0.1262177675962448,Caffe SSD
69,0.10589862614870071,Caffe SSD
69,0.104911670088768,Caffe SSD
69,0.10284975916147232,Caffe SSD
70,0.9949086308479309,Caffe SSD
70,0.9805141091346741,Caffe SSD
70,0.12515614926815033,Caffe SSD
70,0.10458752512931824,Caffe SSD
70,0.10438966751098633,Caffe SSD
71,0.9933608770370483,Caffe SSD
71,0.9857036471366882,Caffe SSD
71,0.1277272254228592,Caffe SSD
71,0.10428479313850403,Caffe SSD
71,0.1034843772649765,Caffe SSD
72,0.9912069439888,Caffe SSD
72,0.9862268567085266,Caffe SSD
72,0.13215208053588867,Caffe SSD
72,0.10621937364339828,Caffe SSD
72,0.10594823956489563,Caffe SSD
72,0.10373509675264359,Caffe SSD
73,0.988503634929657,Caffe SSD
73,0.9869735240936279,Caffe SSD
73,0.11803311109542847,Caffe SSD
73,0.11415420472621918,Caffe SSD
73,0.10868332535028458,Caffe SSD
73,0.10778122395277023,Caffe SSD
73,0.10346005111932755,Caffe SSD
74,0.9862937927246094,Caffe SSD
74,0.9855272769927979,Caffe SSD
74,0.1147947609424591,Caffe SSD
74,0.11255194246768951,Caffe SSD
74,0.10807587951421738,Caffe SSD
74,0.10423841327428818,Caffe SSD
74,0.10002650320529938,Caffe SSD
75,0.9867021441459656,Caffe SSD
75,0.9858549237251282,Caffe SSD
75,0.1190374344587326,Caffe SSD
75,0.11261249333620071,Caffe SSD
75,0.10719069093465805,Caffe SSD
75,0.10626664012670517,Caffe SSD
75,0.10509724169969559,Caffe SSD
75,0.10158359259366989,Caffe SSD
76,0.9877755641937256,Caffe SSD
76,0.9861366748809814,Caffe SSD
76,0.13190223276615143,Caffe SSD
76,0.12110069394111633,Caffe SSD
76,0.10477326065301895,Caffe SSD
76,0.10387241840362549,Caffe SSD
76,0.10226442664861679,Caffe SSD
77,0.9844463467597961,Caffe SSD
77,0.983908474445343,Caffe SSD
77,0.15599392354488373,Caffe SSD
77,0.12678256630897522,Caffe SSD
77,0.10470953583717346,Caffe SSD
77,0.10426199436187744,Caffe SSD
78,0.9830923676490784,Caffe SSD
78,0.9821489453315735,Caffe SSD
78,0.1531907469034195,Caffe SSD
78,0.11475615948438644,Caffe SSD
78,0.1029667854309082,Caffe SSD
78,0.1026502400636673,Caffe SSD
79,0.9802128672599792,Caffe SSD
79,0.9786391258239746,Caffe SSD
79,0.13890399038791656,Caffe SSD
79,0.10465148836374283,Caffe SSD
79,0.1021282747387886,Caffe SSD
79,0.10126763582229614,Caffe SSD
80,0.9779921174049377,Caffe SSD
80,0.9777186512947083,Caffe SSD
80,0.13245588541030884,Caffe SSD
80,0.1050516664981842,Caffe SSD
80,0.10331499576568604,Caffe SSD
80,0.10039033740758896,Caffe SSD
81,0.9771744608879089,Caffe SSD
81,0.975019097328186,Caffe SSD
81,0.11880143731832504,Caffe SSD
81,0.1102522537112236,Caffe SSD
81,0.10361622273921967,Caffe SSD
81,0.1000048965215683,Caffe SSD
82,0.9737535119056702,Caffe SSD
82,0.9714425802230835,Caffe SSD
82,0.11722386628389359,Caffe SSD
82,0.1024879664182663,Caffe SSD
82,0.10138378292322159,Caffe SSD
82,0.10060910880565643,Caffe SSD
83,0.9684863090515137,Caffe SSD
83,0.955927312374115,Caffe SSD
83,0.10992424935102463,Caffe SSD
83,0.10144291818141937,Caffe SSD
83,0.10012862086296082,Caffe SSD
84,0.9715492725372314,Caffe SSD
84,0.9667173027992249,Caffe SSD
84,0.10142479091882706,Caffe SSD
84,0.10113508254289627,Caffe SSD
84,0.10099494457244873,Caffe SSD
84,0.10008061677217484,Caffe SSD
85,0.9769672155380249,Caffe SSD
85,0.9550051093101501,Caffe SSD
85,0.1011880412697792,Caffe SSD
86,0.9789043068885803,Caffe SSD
86,0.9492872953414917,Caffe SSD
86,0.10206637531518936,Caffe SSD
87,0.9706441760063171,Caffe SSD
87,0.9678952693939209,Caffe SSD
87,0.1043262705206871,Caffe SSD
88,0.9773034453392029,Caffe SSD
88,0.9703001976013184,Caffe SSD
88,0.11591145396232605,Caffe SSD
88,0.11322032660245895,Caffe SSD
88,0.10473614186048508,Caffe SSD
88,0.10150713473558426,Caffe SSD
89,0.9823450446128845,Caffe SSD
89,0.978650689125061,Caffe SSD
89,0.10373745858669281,Caffe SSD
89,0.10263372212648392,Caffe SSD
89,0.10049378871917725,Caffe SSD
90,0.9872089624404907,Caffe SSD
90,0.9716801643371582,Caffe SSD
90,0.10338442027568817,Caffe SSD
90,0.10239087790250778,Caffe SSD
91,0.9880886673927307,Caffe SSD
91,0.9405820965766907,Caffe SSD
91,0.12400486320257187,Caffe SSD
91,0.10317840427160263,Caffe SSD
91,0.10267288237810135,Caffe SSD
91,0.10217030346393585,Caffe SSD
91,0.10047248005867004,Caffe SSD
92,0.990436851978302,Caffe SSD
92,0.9353765249252319,Caffe SSD
92,0.14639490842819214,Caffe SSD
92,0.10382265597581863,Caffe SSD
92,0.10255704820156097,Caffe SSD
92,0.10050506144762039,Caffe SSD
93,0.9909909963607788,Caffe SSD
93,0.9187150597572327,Caffe SSD
93,0.13218505680561066,Caffe SSD
93,0.10555069893598557,Caffe SSD
93,0.10248829424381256,Caffe SSD
93,0.10196378827095032,Caffe SSD
94,0.9918467998504639,Caffe SSD
94,0.9279106259346008,Caffe SSD
94,0.13977263867855072,Caffe SSD
94,0.10732240974903107,Caffe SSD
94,0.10687481611967087,Caffe SSD
94,0.10502532869577408,Caffe SSD
94,0.10199502855539322,Caffe SSD
94,0.10039658099412918,Caffe SSD
95,0.9910473227500916,Caffe SSD
95,0.9244360327720642,Caffe SSD
95,0.1200208067893982,Caffe SSD
95,0.1143120527267456,Caffe SSD
95,0.1038617491722107,Caffe SSD
95,0.10325246304273605,Caffe SSD
95,0.10204760730266571,Caffe SSD
96,0.9905782341957092,Caffe SSD
96,0.9024053812026978,Caffe SSD
96,0.1159345731139183,Caffe SSD
96,0.10467332601547241,Caffe SSD
96,0.10249418020248413,Caffe SSD
96,0.10096956789493561,Caffe SSD
96,0.10040511935949326,Caffe SSD
97,0.9929903745651245,Caffe SSD
97,0.8623601198196411,Caffe SSD
97,0.11823159456253052,Caffe SSD
97,0.10834307968616486,Caffe SSD
97,0.10341079533100128,Caffe SSD
97,0.10328271239995956,Caffe SSD
97,0.10278285294771194,Caffe SSD
98,0.9946407079696655,Caffe SSD
98,0.8267456889152527,Caffe SSD
98,0.12223631143569946,Caffe SSD
98,0.10766884684562683,Caffe SSD
98,0.10310430079698563,Caffe SSD
98,0.10162796080112457,Caffe SSD
98,0.10145341604948044,Caffe SSD
99,0.9946065545082092,Caffe SSD
99,0.8944899439811707,Caffe SSD
99,0.1355653703212738,Caffe SSD
99,0.10772626101970673,Caffe SSD
99,0.10467150807380676,Caffe SSD
99,0.10081255435943604,Caffe SSD
100,0.9946147799491882,Caffe SSD
100,0.9406425356864929,Caffe SSD
100,0.1653444766998291,Caffe SSD
100,0.10724500566720963,Caffe SSD
100,0.10179845243692398,Caffe SSD
100,0.10138887912034988,Caffe SSD
101,0.9955845475196838,Caffe SSD
101,0.9238718152046204,Caffe SSD
101,0.20040717720985413,Caffe SSD
101,0.10270319879055023,Caffe SSD
101,0.1020200327038765,Caffe SSD
101,0.10109984129667282,Caffe SSD
102,0.9921634197235107,Caffe SSD
102,0.8639585375785828,Caffe SSD
102,0.18470115959644318,Caffe SSD
102,0.11104851961135864,Caffe SSD
102,0.1045934185385704,Caffe SSD
102,0.1032535657286644,Caffe SSD
102,0.10288342088460922,Caffe SSD
103,0.9948737025260925,Caffe SSD
103,0.9779411554336548,Caffe SSD
103,0.1682056337594986,Caffe SSD
103,0.1109912171959877,Caffe SSD
103,0.10479946434497833,Caffe SSD
103,0.10306567698717117,Caffe SSD
104,0.9931642413139343,Caffe SSD
104,0.8375177383422852,Caffe SSD
104,0.1774553805589676,Caffe SSD
104,0.11969668418169022,Caffe SSD
104,0.10190927982330322,Caffe SSD
105,0.9888890981674194,Caffe SSD
105,0.9495317935943604,Caffe SSD
105,0.13685089349746704,Caffe SSD
105,0.12878993153572083,Caffe SSD
105,0.10386565327644348,Caffe SSD
105,0.10053668171167374,Caffe SSD
106,0.9930087327957153,Caffe SSD
106,0.8617825508117676,Caffe SSD
106,0.1381223201751709,Caffe SSD
106,0.10864688456058502,Caffe SSD
106,0.10119619965553284,Caffe SSD
107,0.9946582913398743,Caffe SSD
107,0.9756391644477844,Caffe SSD
107,0.12686732411384583,Caffe SSD
107,0.10429918020963669,Caffe SSD
107,0.10213440656661987,Caffe SSD
108,0.993057370185852,Caffe SSD
108,0.9845700860023499,Caffe SSD
108,0.11676061153411865,Caffe SSD
108,0.10269585996866226,Caffe SSD
109,0.9917972087860107,Caffe SSD
109,0.9821459650993347,Caffe SSD
109,0.1044762060046196,Caffe SSD
109,0.10134117305278778,Caffe SSD
110,0.9922454953193665,Caffe SSD
110,0.9782283902168274,Caffe SSD
110,0.10329209268093109,Caffe SSD
110,0.10242462158203125,Caffe SSD
110,0.10008203983306885,Caffe SSD
111,0.9845967888832092,Caffe SSD
111,0.9579392671585083,Caffe SSD
111,0.10794663429260254,Caffe SSD
111,0.10453042387962341,Caffe SSD
111,0.10320089012384415,Caffe SSD
112,0.9781631827354431,Caffe SSD
112,0.9403678774833679,Caffe SSD
112,0.10620198398828506,Caffe SSD
112,0.10405547171831131,Caffe SSD
113,0.9414001703262329,Caffe SSD
113,0.8545777797698975,Caffe SSD
113,0.10008927434682846,Caffe SSD
113,0.10000639408826828,Caffe SSD
114,0.9296020269393921,Caffe SSD
114,0.8786655068397522,Caffe SSD
114,0.10151226818561554,Caffe SSD
114,0.10143207013607025,Caffe SSD
114,0.10073857754468918,Caffe SSD
115,0.9748713374137878,Caffe SSD
115,0.9341801404953003,Caffe SSD
115,0.10453725606203079,Caffe SSD
115,0.10033898055553436,Caffe SSD
116,0.9637787938117981,Caffe SSD
116,0.9253173470497131,Caffe SSD
116,0.10578815639019012,Caffe SSD
116,0.1050950139760971,Caffe SSD
116,0.10162041336297989,Caffe SSD
117,0.9518378376960754,Caffe SSD
117,0.9503466486930847,Caffe SSD
117,0.10956189781427383,Caffe SSD
118,0.9612967371940613,Caffe SSD
118,0.9501013159751892,Caffe SSD
118,0.11045461893081665,Caffe SSD
119,0.9332355260848999,Caffe SSD
119,0.9168012738227844,Caffe SSD
119,0.10200468450784683,Caffe SSD
119,0.10191406309604645,Caffe SSD
120,0.944703996181488,Caffe SSD
120,0.9030046463012695,Caffe SSD
120,0.10082950443029404,Caffe SSD
121,0.9331270456314087,Caffe SSD
121,0.9191220998764038,Caffe SSD
121,0.10575734078884125,Caffe SSD
121,0.10134035348892212,Caffe SSD
122,0.9824972748756409,Caffe SSD
122,0.9367033243179321,Caffe SSD
122,0.1047639399766922,Caffe SSD
122,0.10469759255647659,Caffe SSD
123,0.9538328647613525,Caffe SSD
123,0.9322993755340576,Caffe SSD
123,0.10677047073841095,Caffe SSD
123,0.10248634964227676,Caffe SSD
123,0.10161488503217697,Caffe SSD
124,0.9274890422821045,Caffe SSD
124,0.9273643493652344,Caffe SSD
124,0.1088639348745346,Caffe SSD
124,0.10511069744825363,Caffe SSD
124,0.10151595622301102,Caffe SSD
124,0.10103143751621246,Caffe SSD
124,0.10073322802782059,Caffe SSD
125,0.9358243942260742,Caffe SSD
125,0.8816097974777222,Caffe SSD
125,0.11643920838832855,Caffe SSD
125,0.1080985888838768,Caffe SSD
125,0.10189084708690643,Caffe SSD
125,0.10174084454774857,Caffe SSD
125,0.10033527761697769,Caffe SSD
126,0.9296742677688599,Caffe SSD
126,0.8333746790885925,Caffe SSD
126,0.12487830966711044,Caffe SSD
126,0.10647884011268616,Caffe SSD
126,0.10416555404663086,Caffe SSD
127,0.9415144920349121,Caffe SSD
127,0.9073335528373718,Caffe SSD
127,0.11476235836744308,Caffe SSD
127,0.10932246595621109,Caffe SSD
127,0.10740017890930176,Caffe SSD
127,0.10362020134925842,Caffe SSD
128,0.9424706697463989,Caffe SSD
128,0.9116917252540588,Caffe SSD
128,0.12843245267868042,Caffe SSD
128,0.1168813556432724,Caffe SSD
128,0.10546737164258957,Caffe SSD
128,0.10431401431560516,Caffe SSD
128,0.10298746079206467,Caffe SSD
129,0.9455721974372864,Caffe SSD
129,0.9113078713417053,Caffe SSD
129,0.13429810106754303,Caffe SSD
129,0.10661599785089493,Caffe SSD
129,0.10048749297857285,Caffe SSD
129,0.10014793276786804,Caffe SSD
130,0.9526869654655457,Caffe SSD
130,0.8975716829299927,Caffe SSD
130,0.12984798848628998,Caffe SSD
130,0.11035922169685364,Caffe SSD
131,0.9466829895973206,Caffe SSD
131,0.8965425491333008,Caffe SSD
131,0.132609561085701,Caffe SSD
131,0.10946649312973022,Caffe SSD
131,0.10700736194849014,Caffe SSD
132,0.9318313002586365,Caffe SSD
132,0.9262875318527222,Caffe SSD
132,0.12014871835708618,Caffe SSD
132,0.10693937540054321,Caffe SSD
133,0.9499000310897827,Caffe SSD
133,0.9215865731239319,Caffe SSD
133,0.13861630856990814,Caffe SSD
133,0.10667718946933746,Caffe SSD
133,0.10663573443889618,Caffe SSD
134,0.9629805088043213,Caffe SSD
134,0.9178450107574463,Caffe SSD
134,0.15419283509254456,Caffe SSD
134,0.13086336851119995,Caffe SSD
134,0.10499487817287445,Caffe SSD
135,0.9592369794845581,Caffe SSD
135,0.8954544067382812,Caffe SSD
135,0.16066959500312805,Caffe SSD
135,0.11877348273992538,Caffe SSD
135,0.10300006717443466,Caffe SSD
136,0.9507964253425598,Caffe SSD
136,0.874722957611084,Caffe SSD
136,0.16270607709884644,Caffe SSD
136,0.12114238739013672,Caffe SSD
136,0.1014462560415268,Caffe SSD
137,0.9444854259490967,Caffe SSD
137,0.8714187741279602,Caffe SSD
137,0.14295189082622528,Caffe SSD
137,0.1267138570547104,Caffe SSD
137,0.1028890535235405,Caffe SSD
138,0.9423307180404663,Caffe SSD
138,0.8465173840522766,Caffe SSD
138,0.12512807548046112,Caffe SSD
138,0.11728145182132721,Caffe SSD
138,0.10373211652040482,Caffe SSD
138,0.1011587530374527,Caffe SSD
139,0.9352281093597412,Caffe SSD
139,0.8628429770469666,Caffe SSD
139,0.11878266930580139,Caffe SSD
139,0.11660134047269821,Caffe SSD
139,0.1099899560213089,Caffe SSD
139,0.10450365394353867,Caffe SSD
140,0.9324782490730286,Caffe SSD
140,0.8832563757896423,Caffe SSD
140,0.11403016000986099,Caffe SSD
140,0.10730951279401779,Caffe SSD
140,0.10579589009284973,Caffe SSD
141,0.9432064890861511,Caffe SSD
141,0.8876959681510925,Caffe SSD
141,0.113771952688694,Caffe SSD
141,0.10477907210588455,Caffe SSD
141,0.10238233208656311,Caffe SSD
142,0.9421143531799316,Caffe SSD
142,0.8832517862319946,Caffe SSD
142,0.11084290593862534,Caffe SSD
142,0.11027094721794128,Caffe SSD
143,0.9167799353599548,Caffe SSD
143,0.90290367603302,Caffe SSD
143,0.12571465969085693,Caffe SSD
143,0.10415952652692795,Caffe SSD
144,0.9238699674606323,Caffe SSD
144,0.9071134924888611,Caffe SSD
144,0.13106316328048706,Caffe SSD
144,0.12517550587654114,Caffe SSD
145,0.9386981129646301,Caffe SSD
145,0.9019530415534973,Caffe SSD
145,0.13336063921451569,Caffe SSD
145,0.11594747006893158,Caffe SSD
145,0.10712588578462601,Caffe SSD
146,0.9503850936889648,Caffe SSD
146,0.899113655090332,Caffe SSD
146,0.14248687028884888,Caffe SSD
146,0.10592655837535858,Caffe SSD
146,0.10476087033748627,Caffe SSD
146,0.10471852123737335,Caffe SSD
147,0.961029589176178,Caffe SSD
147,0.8578760623931885,Caffe SSD
147,0.13240568339824677,Caffe SSD
147,0.10465732216835022,Caffe SSD
147,0.10382939875125885,Caffe SSD
147,0.10093551129102707,Caffe SSD
147,0.10011054575443268,Caffe SSD
148,0.9719843864440918,Caffe SSD
148,0.8777167797088623,Caffe SSD
148,0.1392144411802292,Caffe SSD
148,0.10799378156661987,Caffe SSD
148,0.10338079184293747,Caffe SSD
149,0.9768526554107666,Caffe SSD
149,0.910068154335022,Caffe SSD
149,0.1510830521583557,Caffe SSD
149,0.10924610495567322,Caffe SSD
149,0.10142362862825394,Caffe SSD
150,0.9743770360946655,Caffe SSD
150,0.9307674765586853,Caffe SSD
150,0.15308992564678192,Caffe SSD
150,0.11217328161001205,Caffe SSD
150,0.10177560150623322,Caffe SSD
151,0.9768014550209045,Caffe SSD
151,0.9231635332107544,Caffe SSD
151,0.1410548985004425,Caffe SSD
151,0.11752218008041382,Caffe SSD
151,0.10222873836755753,Caffe SSD
152,0.9795461297035217,Caffe SSD
152,0.9194039702415466,Caffe SSD
152,0.15844550728797913,Caffe SSD
152,0.1078876405954361,Caffe SSD
152,0.10383427888154984,Caffe SSD
152,0.1035040020942688,Caffe SSD
152,0.10103796422481537,Caffe SSD
153,0.9830183982849121,Caffe SSD
153,0.9086588025093079,Caffe SSD
153,0.15956859290599823,Caffe SSD
153,0.11597666144371033,Caffe SSD
153,0.11416557431221008,Caffe SSD
153,0.10993094742298126,Caffe SSD
153,0.10871274024248123,Caffe SSD
154,0.9840894937515259,Caffe SSD
154,0.8861530423164368,Caffe SSD
154,0.1583564728498459,Caffe SSD
154,0.1357494294643402,Caffe SSD
154,0.10892491787672043,Caffe SSD
154,0.10100550949573517,Caffe SSD
154,0.1003909483551979,Caffe SSD
154,0.10001485049724579,Caffe SSD
155,0.9847426414489746,Caffe SSD
155,0.8689725995063782,Caffe SSD
155,0.15107689797878265,Caffe SSD
155,0.1445465236902237,Caffe SSD
155,0.11394654959440231,Caffe SSD
155,0.1060495674610138,Caffe SSD
155,0.10435859858989716,Caffe SSD
156,0.983498752117157,Caffe SSD
156,0.8384026885032654,Caffe SSD
156,0.145070880651474,Caffe SSD
156,0.12892872095108032,Caffe SSD
156,0.10255931317806244,Caffe SSD
156,0.10049529373645782,Caffe SSD
157,0.983214259147644,Caffe SSD
157,0.8694016337394714,Caffe SSD
157,0.14634694159030914,Caffe SSD
157,0.11503268033266068,Caffe SSD
157,0.10121682286262512,Caffe SSD
157,0.10112909972667694,Caffe SSD
157,0.10040417313575745,Caffe SSD
158,0.9835323095321655,Caffe SSD
158,0.8641144633293152,Caffe SSD
158,0.14610722661018372,Caffe SSD
158,0.10490120202302933,Caffe SSD
158,0.10181545466184616,Caffe SSD
159,0.9849130511283875,Caffe SSD
159,0.8826168179512024,Caffe SSD
159,0.14430133998394012,Caffe SSD
159,0.10825448483228683,Caffe SSD
159,0.10148774087429047,Caffe SSD
160,0.9856774806976318,Caffe SSD
160,0.8915630578994751,Caffe SSD
160,0.14433135092258453,Caffe SSD
160,0.13279013335704803,Caffe SSD
161,0.986748456954956,Caffe SSD
161,0.8748736381530762,Caffe SSD
161,0.13375186920166016,Caffe SSD
161,0.13234522938728333,Caffe SSD
162,0.9895374774932861,Caffe SSD
162,0.8770080804824829,Caffe SSD
162,0.1258295774459839,Caffe SSD
162,0.11342614889144897,Caffe SSD
162,0.10108021646738052,Caffe SSD
163,0.9903226494789124,Caffe SSD
163,0.8623300790786743,Caffe SSD
163,0.11042168736457825,Caffe SSD
163,0.10499944537878036,Caffe SSD
164,0.9912707805633545,Caffe SSD
164,0.8306715488433838,Caffe SSD
164,0.10441473126411438,Caffe SSD
164,0.10144779086112976,Caffe SSD
164,0.10074065625667572,Caffe SSD
165,0.9924638271331787,Caffe SSD
165,0.8838686943054199,Caffe SSD
166,0.9922486543655396,Caffe SSD
166,0.8429205417633057,Caffe SSD
166,0.10544002801179886,Caffe SSD
167,0.9921849370002747,Caffe SSD
167,0.8193296790122986,Caffe SSD
167,0.10751032084226608,Caffe SSD
167,0.10601429641246796,Caffe SSD
167,0.10233676433563232,Caffe SSD
167,0.10158422589302063,Caffe SSD
167,0.10153061896562576,Caffe SSD
168,0.9922141432762146,Caffe SSD
168,0.8691929578781128,Caffe SSD
168,0.10860870033502579,Caffe SSD
168,0.10552670806646347,Caffe SSD
168,0.1015191376209259,Caffe SSD
168,0.1002681702375412,Caffe SSD
169,0.9909084439277649,Caffe SSD
169,0.8983545899391174,Caffe SSD
169,0.12524327635765076,Caffe SSD
169,0.10444813966751099,Caffe SSD
169,0.10000820457935333,Caffe SSD
170,0.9894474744796753,Caffe SSD
170,0.8828207850456238,Caffe SSD
170,0.13566063344478607,Caffe SSD
170,0.1045881062746048,Caffe SSD
170,0.10454133152961731,Caffe SSD
170,0.10125561058521271,Caffe SSD
170,0.10079888999462128,Caffe SSD
170,0.100293830037117,Caffe SSD
171,0.9881259202957153,Caffe SSD
171,0.8493357300758362,Caffe SSD
171,0.13873286545276642,Caffe SSD
171,0.11170598864555359,Caffe SSD
171,0.10132145136594772,Caffe SSD
171,0.10109005868434906,Caffe SSD
171,0.10037733614444733,Caffe SSD
172,0.9849295020103455,Caffe SSD
172,0.9082790017127991,Caffe SSD
172,0.12370890378952026,Caffe SSD
172,0.10404989868402481,Caffe SSD
172,0.10071761161088943,Caffe SSD
172,0.1007155105471611,Caffe SSD
173,0.9833366274833679,Caffe SSD
173,0.9022641777992249,Caffe SSD
173,0.13539502024650574,Caffe SSD
173,0.1086975559592247,Caffe SSD
173,0.10208223760128021,Caffe SSD
173,0.10027503222227097,Caffe SSD
174,0.9835461378097534,Caffe SSD
174,0.8689578771591187,Caffe SSD
174,0.13608191907405853,Caffe SSD
174,0.12523908913135529,Caffe SSD
174,0.11043474823236465,Caffe SSD
174,0.10202565789222717,Caffe SSD
174,0.10063809156417847,Caffe SSD
175,0.9834135174751282,Caffe SSD
175,0.7926519513130188,Caffe SSD
175,0.14332589507102966,Caffe SSD
175,0.1064537763595581,Caffe SSD
175,0.1008085161447525,Caffe SSD
175,0.10019110888242722,Caffe SSD
176,0.9823560118675232,Caffe SSD
176,0.7484200596809387,Caffe SSD
176,0.1469658613204956,Caffe SSD
176,0.10903876274824142,Caffe SSD
176,0.10036648064851761,Caffe SSD
177,0.9834505319595337,Caffe SSD
177,0.7425552606582642,Caffe SSD
177,0.12235480546951294,Caffe SSD
178,0.9837726950645447,Caffe SSD
178,0.7349130511283875,Caffe SSD
178,0.11567901074886322,Caffe SSD
179,0.9824841618537903,Caffe SSD
179,0.7381564974784851,Caffe SSD
179,0.12287253886461258,Caffe SSD
180,0.9783511757850647,Caffe SSD
180,0.7188452482223511,Caffe SSD
180,0.12604494392871857,Caffe SSD
181,0.9737011790275574,Caffe SSD
181,0.7117911577224731,Caffe SSD
181,0.1300339251756668,Caffe SSD
181,0.10093650966882706,Caffe SSD
181,0.10078144073486328,Caffe SSD
182,0.9672350287437439,Caffe SSD
182,0.6854477524757385,Caffe SSD
182,0.139346182346344,Caffe SSD
182,0.10310444980859756,Caffe SSD
183,0.961230993270874,Caffe SSD
183,0.6813836097717285,Caffe SSD
183,0.14497365057468414,Caffe SSD
183,0.10384683310985565,Caffe SSD
183,0.10073309391736984,Caffe SSD
184,0.9529045224189758,Caffe SSD
184,0.7382935285568237,Caffe SSD
184,0.1345808357000351,Caffe SSD
184,0.11886465549468994,Caffe SSD
184,0.11133477091789246,Caffe SSD
184,0.1017337217926979,Caffe SSD
185,0.9550142288208008,Caffe SSD
185,0.7376426458358765,Caffe SSD
185,0.11991246044635773,Caffe SSD
185,0.11471642553806305,Caffe SSD
185,0.10758242011070251,Caffe SSD
185,0.10097147524356842,Caffe SSD
185,0.10043001174926758,Caffe SSD
186,0.9552579522132874,Caffe SSD
186,0.7407124638557434,Caffe SSD
186,0.13633845746517181,Caffe SSD
186,0.11497815698385239,Caffe SSD
187,0.9528887271881104,Caffe SSD
187,0.7218917608261108,Caffe SSD
187,0.16748972237110138,Caffe SSD
187,0.10693535953760147,Caffe SSD
187,0.10180068016052246,Caffe SSD
188,0.9513924717903137,Caffe SSD
188,0.6841837167739868,Caffe SSD
188,0.1566670536994934,Caffe SSD
188,0.10083767026662827,Caffe SSD
189,0.956074059009552,Caffe SSD
189,0.664711058139801,Caffe SSD
189,0.1623625010251999,Caffe SSD
189,0.1039380207657814,Caffe SSD
190,0.9560330510139465,Caffe SSD
190,0.6738982200622559,Caffe SSD
190,0.1453612595796585,Caffe SSD
190,0.10527548938989639,Caffe SSD
191,0.959364652633667,Caffe SSD
191,0.7483484745025635,Caffe SSD
191,0.14792101085186005,Caffe SSD
192,0.9593775272369385,Caffe SSD
192,0.792857825756073,Caffe SSD
192,0.1428968757390976,Caffe SSD
193,0.9543932676315308,Caffe SSD
193,0.8049627542495728,Caffe SSD
193,0.1113152951002121,Caffe SSD
194,0.9525442719459534,Caffe SSD
194,0.7313701510429382,Caffe SSD
194,0.10296711325645447,Caffe SSD
195,0.9463250041007996,Caffe SSD
195,0.6536439657211304,Caffe SSD
195,0.10626120120286942,Caffe SSD
195,0.10183857381343842,Caffe SSD
196,0.9453389644622803,Caffe SSD
196,0.7086543440818787,Caffe SSD
196,0.10264832526445389,Caffe SSD
197,0.9387257099151611,Caffe SSD
197,0.8069799542427063,Caffe SSD
198,0.9442500472068787,Caffe SSD
198,0.8482975363731384,Caffe SSD
198,0.10444284230470657,Caffe SSD
198,0.1022556871175766,Caffe SSD
199,0.9393590688705444,Caffe SSD
199,0.9027596712112427,Caffe SSD
199,0.10971620678901672,Caffe SSD
199,0.10433553904294968,Caffe SSD
200,0.9472208619117737,Caffe SSD
200,0.9287557005882263,Caffe SSD
200,0.10256952047348022,Caffe SSD
200,0.10169337689876556,Caffe SSD
201,0.9318980574607849,Caffe SSD
201,0.9167104363441467,Caffe SSD
201,0.10326632857322693,Caffe SSD
201,0.1020297259092331,Caffe SSD
201,0.10144181549549103,Caffe SSD
202,0.8943688869476318,Caffe SSD
202,0.8863062858581543,Caffe SSD
202,0.1055445447564125,Caffe SSD
202,0.10474930703639984,Caffe SSD
202,0.10344180464744568,Caffe SSD
202,0.10243572294712067,Caffe SSD
203,0.8941716551780701,Caffe SSD
203,0.8829370141029358,Caffe SSD
203,0.11088908463716507,Caffe SSD
203,0.11015196889638901,Caffe SSD
203,0.10904979705810547,Caffe SSD
203,0.10297728329896927,Caffe SSD
203,0.10022354871034622,Caffe SSD
204,0.8711032271385193,Caffe SSD
204,0.8624783158302307,Caffe SSD
204,0.10814400762319565,Caffe SSD
204,0.10760381072759628,Caffe SSD
204,0.10741177946329117,Caffe SSD
204,0.10626388341188431,Caffe SSD
204,0.10451541095972061,Caffe SSD
205,0.9142720699310303,Caffe SSD
205,0.8260517716407776,Caffe SSD
205,0.11455823481082916,Caffe SSD
205,0.10813253372907639,Caffe SSD
205,0.10226975381374359,Caffe SSD
206,0.9096725583076477,Caffe SSD
206,0.7883492112159729,Caffe SSD
206,0.1100163385272026,Caffe SSD
206,0.10235710442066193,Caffe SSD
206,0.10110800713300705,Caffe SSD
207,0.888658344745636,Caffe SSD
207,0.7602527737617493,Caffe SSD
207,0.11058052629232407,Caffe SSD
207,0.10222494602203369,Caffe SSD
208,0.839719831943512,Caffe SSD
208,0.7118887305259705,Caffe SSD
208,0.11107536405324936,Caffe SSD
208,0.10271444916725159,Caffe SSD
209,0.840273380279541,Caffe SSD
209,0.6765211224555969,Caffe SSD
209,0.11329449713230133,Caffe SSD
209,0.10153523832559586,Caffe SSD
210,0.8552544116973877,Caffe SSD
210,0.6371102929115295,Caffe SSD
210,0.11600576341152191,Caffe SSD
210,0.1068107932806015,Caffe SSD
210,0.10031706839799881,Caffe SSD
211,0.8708845376968384,Caffe SSD
211,0.6187670826911926,Caffe SSD
211,0.11512521654367447,Caffe SSD
211,0.10620834678411484,Caffe SSD
211,0.10009115934371948,Caffe SSD
212,0.8655398488044739,Caffe SSD
212,0.6155787110328674,Caffe SSD
212,0.10842471569776535,Caffe SSD
212,0.10727228969335556,Caffe SSD
212,0.10155019164085388,Caffe SSD
213,0.848021388053894,Caffe SSD
213,0.6048045754432678,Caffe SSD
213,0.10702531784772873,Caffe SSD
213,0.10525093972682953,Caffe SSD
213,0.10143744200468063,Caffe SSD
213,0.10120289772748947,Caffe SSD
213,0.10023042559623718,Caffe SSD
214,0.8421292901039124,Caffe SSD
214,0.6661449074745178,Caffe SSD
214,0.10892343521118164,Caffe SSD
214,0.10596083849668503,Caffe SSD
214,0.10327392816543579,Caffe SSD
214,0.1030142530798912,Caffe SSD
214,0.10292275249958038,Caffe SSD
214,0.10166814923286438,Caffe SSD
214,0.10018821060657501,Caffe SSD
215,0.8252395391464233,Caffe SSD
215,0.7325162291526794,Caffe SSD
215,0.11477340012788773,Caffe SSD
215,0.11283815652132034,Caffe SSD
215,0.11015615612268448,Caffe SSD
215,0.10597114264965057,Caffe SSD
215,0.10309839248657227,Caffe SSD
215,0.10307186841964722,Caffe SSD
215,0.10176693648099899,Caffe SSD
216,0.8441016674041748,Caffe SSD
216,0.7441683411598206,Caffe SSD
216,0.12842831015586853,Caffe SSD
216,0.11568237841129303,Caffe SSD
216,0.109353207051754,Caffe SSD
216,0.10783206671476364,Caffe SSD
216,0.10572175681591034,Caffe SSD
216,0.10522594302892685,Caffe SSD
216,0.10196472704410553,Caffe SSD
217,0.8534689545631409,Caffe SSD
217,0.7044402360916138,Caffe SSD
217,0.1284124255180359,Caffe SSD
217,0.11344653367996216,Caffe SSD
217,0.10865408927202225,Caffe SSD
217,0.10852224379777908,Caffe SSD
217,0.10846050828695297,Caffe SSD
217,0.10484497249126434,Caffe SSD
217,0.10284163057804108,Caffe SSD
217,0.10063240677118301,Caffe SSD
218,0.8651618957519531,Caffe SSD
218,0.7025237679481506,Caffe SSD
218,0.1398126184940338,Caffe SSD
218,0.11290585249662399,Caffe SSD
218,0.11007177084684372,Caffe SSD
218,0.10947291553020477,Caffe SSD
218,0.10523620992898941,Caffe SSD
218,0.10439344495534897,Caffe SSD
218,0.10436543822288513,Caffe SSD
218,0.10071222484111786,Caffe SSD
219,0.8735402822494507,Caffe SSD
219,0.7145213484764099,Caffe SSD
219,0.13763263821601868,Caffe SSD
219,0.11730378866195679,Caffe SSD
219,0.10895416140556335,Caffe SSD
219,0.10878156870603561,Caffe SSD
219,0.10443110764026642,Caffe SSD
219,0.10169557482004166,Caffe SSD
219,0.1016174703836441,Caffe SSD
220,0.8628307580947876,Caffe SSD
220,0.7129331827163696,Caffe SSD
220,0.14505764842033386,Caffe SSD
220,0.12330543249845505,Caffe SSD
220,0.11081897467374802,Caffe SSD
220,0.10564890503883362,Caffe SSD
220,0.1041802391409874,Caffe SSD
220,0.10202744603157043,Caffe SSD
221,0.842025876045227,Caffe SSD
221,0.7064714431762695,Caffe SSD
221,0.14635637402534485,Caffe SSD
221,0.12285574525594711,Caffe SSD
221,0.11114193499088287,Caffe SSD
221,0.10463925451040268,Caffe SSD
221,0.10424060374498367,Caffe SSD
221,0.10317505151033401,Caffe SSD
222,0.8428058624267578,Caffe SSD
222,0.7175461649894714,Caffe SSD
222,0.16341255605220795,Caffe SSD
222,0.12797708809375763,Caffe SSD
222,0.1118604764342308,Caffe SSD
222,0.10460596531629562,Caffe SSD
222,0.10393661260604858,Caffe SSD
222,0.10318131744861603,Caffe SSD
223,0.8575692772865295,Caffe SSD
223,0.7438243627548218,Caffe SSD
223,0.17838555574417114,Caffe SSD
223,0.12435556948184967,Caffe SSD
223,0.11275618523359299,Caffe SSD
223,0.10670246183872223,Caffe SSD
223,0.10420294851064682,Caffe SSD
223,0.10289372503757477,Caffe SSD
224,0.8323575854301453,Caffe SSD
224,0.7549782395362854,Caffe SSD
224,0.20234428346157074,Caffe SSD
224,0.11736888438463211,Caffe SSD
224,0.11691940575838089,Caffe SSD
224,0.11354325711727142,Caffe SSD
224,0.10801546275615692,Caffe SSD
224,0.10510629415512085,Caffe SSD
224,0.10126587003469467,Caffe SSD
225,0.8548753261566162,Caffe SSD
225,0.7616539001464844,Caffe SSD
225,0.1731739640235901,Caffe SSD
225,0.11245039850473404,Caffe SSD
225,0.10965675115585327,Caffe SSD
225,0.10469906032085419,Caffe SSD
225,0.10123730450868607,Caffe SSD
225,0.1004740372300148,Caffe SSD
225,0.10008364915847778,Caffe SSD
226,0.8434110879898071,Caffe SSD
226,0.807083785533905,Caffe SSD
226,0.15681304037570953,Caffe SSD
226,0.11021922528743744,Caffe SSD
226,0.10656937956809998,Caffe SSD
226,0.10551854223012924,Caffe SSD
226,0.10297361016273499,Caffe SSD
226,0.10054075717926025,Caffe SSD
226,0.10034505277872086,Caffe SSD
227,0.8426762819290161,Caffe SSD
227,0.8019141554832458,Caffe SSD
227,0.14630818367004395,Caffe SSD
227,0.12060869485139847,Caffe SSD
227,0.11790721118450165,Caffe SSD
227,0.10902853310108185,Caffe SSD
227,0.10804224014282227,Caffe SSD
228,0.8478391766548157,Caffe SSD
228,0.7437507510185242,Caffe SSD
228,0.1319023072719574,Caffe SSD
228,0.11525863409042358,Caffe SSD
228,0.1093694344162941,Caffe SSD
228,0.10855696350336075,Caffe SSD
229,0.8430808186531067,Caffe SSD
229,0.7519965767860413,Caffe SSD
229,0.12991473078727722,Caffe SSD
229,0.12103647738695145,Caffe SSD
229,0.11041557788848877,Caffe SSD
229,0.11013966053724289,Caffe SSD
230,0.83021479845047,Caffe SSD
230,0.643686830997467,Caffe SSD
230,0.12396884709596634,Caffe SSD
230,0.11906380951404572,Caffe SSD
230,0.11158794909715652,Caffe SSD
230,0.11029112339019775,Caffe SSD
230,0.10039125382900238,Caffe SSD
231,0.8085356950759888,Caffe SSD
231,0.6641098260879517,Caffe SSD
231,0.12213893979787827,Caffe SSD
231,0.11724976450204849,Caffe SSD
231,0.11122681945562363,Caffe SSD
231,0.11007443070411682,Caffe SSD
231,0.10201787203550339,Caffe SSD
231,0.1009419783949852,Caffe SSD
232,0.8092770576477051,Caffe SSD
232,0.6181166172027588,Caffe SSD
232,0.12756270170211792,Caffe SSD
232,0.11686233431100845,Caffe SSD
232,0.10995574295520782,Caffe SSD
232,0.10961192101240158,Caffe SSD
232,0.1048121377825737,Caffe SSD
232,0.10029906034469604,Caffe SSD
233,0.8267539739608765,Caffe SSD
233,0.6085527539253235,Caffe SSD
233,0.12669144570827484,Caffe SSD
233,0.11691851168870926,Caffe SSD
233,0.10687538236379623,Caffe SSD
233,0.10410485416650772,Caffe SSD
233,0.1013323962688446,Caffe SSD
234,0.8364125490188599,Caffe SSD
234,0.6036965847015381,Caffe SSD
234,0.12167046964168549,Caffe SSD
234,0.1172100231051445,Caffe SSD
234,0.10708552598953247,Caffe SSD
234,0.10225392878055573,Caffe SSD
235,0.8402121067047119,Caffe SSD
235,0.7064849734306335,Caffe SSD
235,0.12189634144306183,Caffe SSD
235,0.10624762624502182,Caffe SSD
235,0.1058041974902153,Caffe SSD
235,0.10382198542356491,Caffe SSD
235,0.1030522808432579,Caffe SSD
236,0.8276961445808411,Caffe SSD
236,0.748583972454071,Caffe SSD
236,0.12387942522764206,Caffe SSD
236,0.10725246369838715,Caffe SSD
236,0.10527379810810089,Caffe SSD
236,0.10499206185340881,Caffe SSD
236,0.10462172329425812,Caffe SSD
237,0.8320128917694092,Caffe SSD
237,0.6735891699790955,Caffe SSD
237,0.13081157207489014,Caffe SSD
237,0.12797339260578156,Caffe SSD
237,0.1131424680352211,Caffe SSD
237,0.10321172326803207,Caffe SSD
237,0.1008249893784523,Caffe SSD
238,0.8215410709381104,Caffe SSD
238,0.7002213001251221,Caffe SSD
238,0.13004779815673828,Caffe SSD
238,0.12750214338302612,Caffe SSD
238,0.11668942868709564,Caffe SSD
238,0.10189183801412582,Caffe SSD
239,0.8077107667922974,Caffe SSD
239,0.6378390789031982,Caffe SSD
239,0.13300247490406036,Caffe SSD
239,0.12857061624526978,Caffe SSD
239,0.11803269386291504,Caffe SSD
239,0.11102741956710815,Caffe SSD
239,0.10561151057481766,Caffe SSD
240,0.805130660533905,Caffe SSD
240,0.596419632434845,Caffe SSD
240,0.16198816895484924,Caffe SSD
240,0.12753228843212128,Caffe SSD
240,0.11210501194000244,Caffe SSD
240,0.10621122270822525,Caffe SSD
240,0.10255493223667145,Caffe SSD
241,0.8002305626869202,Caffe SSD
241,0.7022107243537903,Caffe SSD
241,0.15118809044361115,Caffe SSD
241,0.1265089362859726,Caffe SSD
241,0.11286986619234085,Caffe SSD
242,0.7822024822235107,Caffe SSD
242,0.6381710767745972,Caffe SSD
242,0.13732393085956573,Caffe SSD
242,0.12597015500068665,Caffe SSD
242,0.1194482073187828,Caffe SSD
243,0.7478751540184021,Caffe SSD
243,0.7432969212532043,Caffe SSD
243,0.12824533879756927,Caffe SSD
243,0.12716567516326904,Caffe SSD
243,0.1251354217529297,Caffe SSD
244,0.7836177945137024,Caffe SSD
244,0.7202961444854736,Caffe SSD
244,0.12647005915641785,Caffe SSD
244,0.12585623562335968,Caffe SSD
244,0.12500876188278198,Caffe SSD
244,0.12049485743045807,Caffe SSD
245,0.7115687727928162,Caffe SSD
245,0.6722360253334045,Caffe SSD
245,0.3616630434989929,Caffe SSD
245,0.13522757589817047,Caffe SSD
245,0.13396069407463074,Caffe SSD
245,0.1273074895143509,Caffe SSD
246,0.6486542224884033,Caffe SSD
246,0.6475276350975037,Caffe SSD
246,0.24543392658233643,Caffe SSD
246,0.15740478038787842,Caffe SSD
246,0.15329790115356445,Caffe SSD
246,0.12536916136741638,Caffe SSD
246,0.10047440230846405,Caffe SSD
247,0.6641479134559631,Caffe SSD
247,0.6513940691947937,Caffe SSD
247,0.15606041252613068,Caffe SSD
247,0.1447795331478119,Caffe SSD
247,0.12902602553367615,Caffe SSD
247,0.10018683224916458,Caffe SSD
248,0.7370258569717407,Caffe SSD
248,0.682502269744873,Caffe SSD
248,0.143064484000206,Caffe SSD
248,0.12762866914272308,Caffe SSD
248,0.12033646553754807,Caffe SSD
248,0.10063058882951736,Caffe SSD
248,0.10051137953996658,Caffe SSD
249,0.7741228938102722,Caffe SSD
249,0.6940151453018188,Caffe SSD
249,0.1513768434524536,Caffe SSD
249,0.132930189371109,Caffe SSD
249,0.12399807572364807,Caffe SSD
249,0.1024227887392044,Caffe SSD
250,0.8106023073196411,Caffe SSD
250,0.6845034956932068,Caffe SSD
250,0.14198251068592072,Caffe SSD
250,0.1301012933254242,Caffe SSD
250,0.12039045989513397,Caffe SSD
250,0.10305796563625336,Caffe SSD
251,0.8316234350204468,Caffe SSD
251,0.6544197797775269,Caffe SSD
251,0.14381110668182373,Caffe SSD
251,0.13184353709220886,Caffe SSD
251,0.12072225660085678,Caffe SSD
251,0.10342128574848175,Caffe SSD
252,0.835451066493988,Caffe SSD
252,0.6407600045204163,Caffe SSD
252,0.14481310546398163,Caffe SSD
252,0.13757948577404022,Caffe SSD
252,0.12239764630794525,Caffe SSD
252,0.11981029808521271,Caffe SSD
252,0.10388588905334473,Caffe SSD
252,0.10035683959722519,Caffe SSD
253,0.8396196365356445,Caffe SSD
253,0.6420376896858215,Caffe SSD
253,0.13530457019805908,Caffe SSD
253,0.1285858154296875,Caffe SSD
253,0.1191926971077919,Caffe SSD
253,0.10784853994846344,Caffe SSD
253,0.10693150013685226,Caffe SSD
253,0.10111801326274872,Caffe SSD
253,0.100814588367939,Caffe SSD
254,0.8671096563339233,Caffe SSD
254,0.6509727239608765,Caffe SSD
254,0.13917650282382965,Caffe SSD
254,0.11755607277154922,Caffe SSD
254,0.11695250123739243,Caffe SSD
254,0.11007432639598846,Caffe SSD
254,0.10019990056753159,Caffe SSD
255,0.8731679320335388,Caffe SSD
255,0.6489967703819275,Caffe SSD
255,0.15517765283584595,Caffe SSD
255,0.11906784772872925,Caffe SSD
255,0.11488279700279236,Caffe SSD
255,0.11469116806983948,Caffe SSD
256,0.900018036365509,Caffe SSD
256,0.6613062024116516,Caffe SSD
256,0.14474794268608093,Caffe SSD
256,0.12496842443943024,Caffe SSD
256,0.11543738842010498,Caffe SSD
256,0.11150757968425751,Caffe SSD
256,0.1038590744137764,Caffe SSD
256,0.10008741170167923,Caffe SSD
257,0.9109563231468201,Caffe SSD
257,0.673208475112915,Caffe SSD
257,0.1329968422651291,Caffe SSD
257,0.13216371834278107,Caffe SSD
257,0.12801900506019592,Caffe SSD
257,0.1170283630490303,Caffe SSD
257,0.107976995408535,Caffe SSD
257,0.10041753947734833,Caffe SSD
258,0.9090652465820312,Caffe SSD
258,0.6690285205841064,Caffe SSD
258,0.13256339728832245,Caffe SSD
258,0.12821616232395172,Caffe SSD
258,0.12464504688978195,Caffe SSD
258,0.11396711319684982,Caffe SSD
258,0.10494033247232437,Caffe SSD
258,0.10277722775936127,Caffe SSD
258,0.10086837410926819,Caffe SSD
259,0.9036655426025391,Caffe SSD
259,0.6489204168319702,Caffe SSD
259,0.11937321722507477,Caffe SSD
259,0.11436302214860916,Caffe SSD
259,0.11176453530788422,Caffe SSD
259,0.10472527891397476,Caffe SSD
259,0.10202040523290634,Caffe SSD
260,0.921967089176178,Caffe SSD
260,0.6410549879074097,Caffe SSD
260,0.11284861713647842,Caffe SSD
260,0.11279188841581345,Caffe SSD
260,0.11006733030080795,Caffe SSD
260,0.10908589512109756,Caffe SSD
260,0.10604766756296158,Caffe SSD
260,0.10339978337287903,Caffe SSD
260,0.1018625795841217,Caffe SSD
261,0.9344079494476318,Caffe SSD
261,0.6458421945571899,Caffe SSD
261,0.11430463939905167,Caffe SSD
261,0.1129961684346199,Caffe SSD
261,0.10930194705724716,Caffe SSD
261,0.10605230927467346,Caffe SSD
261,0.10415583103895187,Caffe SSD
261,0.10377101600170135,Caffe SSD
262,0.9382724761962891,Caffe SSD
262,0.6519964337348938,Caffe SSD
262,0.11580038070678711,Caffe SSD
262,0.11069798469543457,Caffe SSD
262,0.106283038854599,Caffe SSD
262,0.10562516748905182,Caffe SSD
262,0.10541500896215439,Caffe SSD
262,0.10304134339094162,Caffe SSD
262,0.10056009888648987,Caffe SSD
263,0.9465587139129639,Caffe SSD
263,0.6561387181282043,Caffe SSD
263,0.11237163841724396,Caffe SSD
263,0.10968752205371857,Caffe SSD
263,0.1082504615187645,Caffe SSD
263,0.10821601748466492,Caffe SSD
263,0.10726433992385864,Caffe SSD
263,0.10468508303165436,Caffe SSD
263,0.10113275051116943,Caffe SSD
264,0.9677019119262695,Caffe SSD
264,0.6599898338317871,Caffe SSD
264,0.11103817820549011,Caffe SSD
264,0.10947376489639282,Caffe SSD
264,0.10837169736623764,Caffe SSD
264,0.10805799067020416,Caffe SSD
264,0.10176366567611694,Caffe SSD
264,0.10107550024986267,Caffe SSD
264,0.1005193293094635,Caffe SSD
265,0.9484019875526428,Caffe SSD
265,0.678884744644165,Caffe SSD
265,0.11373893171548843,Caffe SSD
265,0.10989132523536682,Caffe SSD
265,0.10912700742483139,Caffe SSD
265,0.10162452608346939,Caffe SSD
265,0.10099591314792633,Caffe SSD
266,0.9428724646568298,Caffe SSD
266,0.6979021430015564,Caffe SSD
266,0.11654789745807648,Caffe SSD
266,0.10592972487211227,Caffe SSD
266,0.10479258000850677,Caffe SSD
266,0.10474933683872223,Caffe SSD
266,0.1041811928153038,Caffe SSD
266,0.10282661765813828,Caffe SSD
266,0.10263697803020477,Caffe SSD
266,0.10254936665296555,Caffe SSD
267,0.9129635691642761,Caffe SSD
267,0.682636559009552,Caffe SSD
267,0.11691419035196304,Caffe SSD
267,0.1123259887099266,Caffe SSD
267,0.10737694799900055,Caffe SSD
267,0.10575756430625916,Caffe SSD
267,0.1050487756729126,Caffe SSD
267,0.10395117104053497,Caffe SSD
267,0.10350948572158813,Caffe SSD
267,0.10271341353654861,Caffe SSD
267,0.1007194072008133,Caffe SSD
268,0.8953017592430115,Caffe SSD
268,0.6850269436836243,Caffe SSD
268,0.11725685000419617,Caffe SSD
268,0.1075344979763031,Caffe SSD
268,0.1049453541636467,Caffe SSD
268,0.10403191298246384,Caffe SSD
268,0.10389396548271179,Caffe SSD
268,0.1030777096748352,Caffe SSD
268,0.10139942169189453,Caffe SSD
268,0.10059171169996262,Caffe SSD
268,0.10020308941602707,Caffe SSD
268,0.10009367018938065,Caffe SSD
269,0.8981384634971619,Caffe SSD
269,0.6857781410217285,Caffe SSD
269,0.11871270835399628,Caffe SSD
269,0.10915477573871613,Caffe SSD
269,0.10355369746685028,Caffe SSD
269,0.10317183285951614,Caffe SSD
269,0.10044629871845245,Caffe SSD
270,0.9067257642745972,Caffe SSD
270,0.7037186622619629,Caffe SSD
270,0.11778849363327026,Caffe SSD
270,0.10613568872213364,Caffe SSD
270,0.10590986162424088,Caffe SSD
270,0.10587280988693237,Caffe SSD
270,0.10303281992673874,Caffe SSD
270,0.10255192220211029,Caffe SSD
270,0.10031341761350632,Caffe SSD
271,0.9332956671714783,Caffe SSD
271,0.6968764066696167,Caffe SSD
271,0.11565659940242767,Caffe SSD
271,0.11475086957216263,Caffe SSD
271,0.10395394265651703,Caffe SSD
271,0.10374961048364639,Caffe SSD
271,0.10314682126045227,Caffe SSD
271,0.10255726426839828,Caffe SSD
271,0.10056715458631516,Caffe SSD
271,0.1004519835114479,Caffe SSD
272,0.9368237257003784,Caffe SSD
272,0.7100707292556763,Caffe SSD
272,0.11912953853607178,Caffe SSD
272,0.11238043010234833,Caffe SSD
272,0.10432118922472,Caffe SSD
272,0.10331928730010986,Caffe SSD
272,0.10310576111078262,Caffe SSD
272,0.10253769904375076,Caffe SSD
272,0.10230306535959244,Caffe SSD
273,0.952583909034729,Caffe SSD
273,0.7039726972579956,Caffe SSD
273,0.12010077387094498,Caffe SSD
273,0.1094723492860794,Caffe SSD
273,0.10429827868938446,Caffe SSD
273,0.10264891386032104,Caffe SSD
273,0.1011175885796547,Caffe SSD
273,0.10066469758749008,Caffe SSD
274,0.9635405540466309,Caffe SSD
274,0.6945943832397461,Caffe SSD
274,0.12110086530447006,Caffe SSD
274,0.11099780350923538,Caffe SSD
274,0.11077148467302322,Caffe SSD
274,0.10100390017032623,Caffe SSD
274,0.10001940280199051,Caffe SSD
275,0.9343287348747253,Caffe SSD
275,0.6901554465293884,Caffe SSD
275,0.12111403048038483,Caffe SSD
275,0.11615385115146637,Caffe SSD
275,0.11249685287475586,Caffe SSD
275,0.10281751304864883,Caffe SSD
275,0.10208726674318314,Caffe SSD
276,0.8754059076309204,Caffe SSD
276,0.694632351398468,Caffe SSD
276,0.12207315117120743,Caffe SSD
276,0.11141794919967651,Caffe SSD
276,0.10906777530908585,Caffe SSD
276,0.1014125794172287,Caffe SSD
276,0.10130339115858078,Caffe SSD
276,0.10068831592798233,Caffe SSD
277,0.8302129507064819,Caffe SSD
277,0.6984186768531799,Caffe SSD
277,0.12213262915611267,Caffe SSD
277,0.11299081891775131,Caffe SSD
277,0.10619296133518219,Caffe SSD
277,0.10348192602396011,Caffe SSD
277,0.10231999307870865,Caffe SSD
277,0.10178422927856445,Caffe SSD
277,0.10113267600536346,Caffe SSD
277,0.10111358761787415,Caffe SSD
278,0.8546954989433289,Caffe SSD
278,0.6987113356590271,Caffe SSD
278,0.11942052841186523,Caffe SSD
278,0.11429488658905029,Caffe SSD
278,0.10585112869739532,Caffe SSD
278,0.10558515042066574,Caffe SSD
278,0.10518212616443634,Caffe SSD
278,0.10353486239910126,Caffe SSD
278,0.10303780436515808,Caffe SSD
278,0.1029152050614357,Caffe SSD
278,0.10134539753198624,Caffe SSD
278,0.10085518658161163,Caffe SSD
279,0.8986555337905884,Caffe SSD
279,0.701901912689209,Caffe SSD
279,0.11195401102304459,Caffe SSD
279,0.11012708395719528,Caffe SSD
279,0.10970183461904526,Caffe SSD
279,0.10850802063941956,Caffe SSD
279,0.10450656712055206,Caffe SSD
279,0.10151465982198715,Caffe SSD
279,0.1003493145108223,Caffe SSD
280,0.9166165590286255,Caffe SSD
280,0.7049664258956909,Caffe SSD
280,0.11706478893756866,Caffe SSD
280,0.11061864346265793,Caffe SSD
280,0.10952939093112946,Caffe SSD
280,0.10691270977258682,Caffe SSD
280,0.10548193752765656,Caffe SSD
280,0.10121551901102066,Caffe SSD
281,0.9028246402740479,Caffe SSD
281,0.7063459157943726,Caffe SSD
281,0.12986014783382416,Caffe SSD
281,0.11056093126535416,Caffe SSD
281,0.1091037392616272,Caffe SSD
281,0.10330148041248322,Caffe SSD
281,0.10240118950605392,Caffe SSD
282,0.9090703725814819,Caffe SSD
282,0.7181471586227417,Caffe SSD
282,0.14048704504966736,Caffe SSD
282,0.10807359963655472,Caffe SSD
282,0.10707561671733856,Caffe SSD
282,0.10484448075294495,Caffe SSD
282,0.10301104187965393,Caffe SSD
283,0.9125300645828247,Caffe SSD
283,0.724052369594574,Caffe SSD
283,0.1380123645067215,Caffe SSD
283,0.10584385693073273,Caffe SSD
283,0.1033131405711174,Caffe SSD
283,0.1028156578540802,Caffe SSD
283,0.10023470968008041,Caffe SSD
284,0.9315878748893738,Caffe SSD
284,0.7197462320327759,Caffe SSD
284,0.11781933903694153,Caffe SSD
284,0.10894513875246048,Caffe SSD
284,0.10384683310985565,Caffe SSD
284,0.10070651024580002,Caffe SSD
284,0.10066577047109604,Caffe SSD
284,0.10004562139511108,Caffe SSD
285,0.9283331036567688,Caffe SSD
285,0.7042595148086548,Caffe SSD
285,0.1113336831331253,Caffe SSD
285,0.10839103907346725,Caffe SSD
285,0.10617352277040482,Caffe SSD
285,0.10399796813726425,Caffe SSD
285,0.10336589068174362,Caffe SSD
285,0.10336386412382126,Caffe SSD
285,0.10274424403905869,Caffe SSD
286,0.9323354363441467,Caffe SSD
286,0.6946130990982056,Caffe SSD
286,0.11414089053869247,Caffe SSD
286,0.11039261519908905,Caffe SSD
286,0.1082252562046051,Caffe SSD
286,0.10619135200977325,Caffe SSD
286,0.10254295915365219,Caffe SSD
286,0.10098207741975784,Caffe SSD
287,0.9408303499221802,Caffe SSD
287,0.6883028745651245,Caffe SSD
287,0.11736419796943665,Caffe SSD
287,0.11491217464208603,Caffe SSD
287,0.10717889666557312,Caffe SSD
287,0.10602710396051407,Caffe SSD
287,0.10385091602802277,Caffe SSD
287,0.10160581022500992,Caffe SSD
287,0.10067229717969894,Caffe SSD
288,0.9514265656471252,Caffe SSD
288,0.6894855499267578,Caffe SSD
288,0.11381345987319946,Caffe SSD
288,0.11319298297166824,Caffe SSD
288,0.10778655111789703,Caffe SSD
288,0.10635235905647278,Caffe SSD
288,0.10410550236701965,Caffe SSD
288,0.10100728273391724,Caffe SSD
288,0.1006818562746048,Caffe SSD
289,0.9583658576011658,Caffe SSD
289,0.6757444739341736,Caffe SSD
289,0.11066919565200806,Caffe SSD
289,0.1079593375325203,Caffe SSD
289,0.10730420798063278,Caffe SSD
289,0.10633916407823563,Caffe SSD
289,0.10291838645935059,Caffe SSD
289,0.10204697400331497,Caffe SSD
289,0.10105127096176147,Caffe SSD
290,0.9620596766471863,Caffe SSD
290,0.6485106348991394,Caffe SSD
290,0.11153203248977661,Caffe SSD
290,0.1065196543931961,Caffe SSD
290,0.10608692467212677,Caffe SSD
290,0.1056051030755043,Caffe SSD
290,0.10398361831903458,Caffe SSD
290,0.10121473670005798,Caffe SSD
290,0.10088694840669632,Caffe SSD
291,0.961919903755188,Caffe SSD
291,0.6263580322265625,Caffe SSD
291,0.11866822093725204,Caffe SSD
291,0.11289895325899124,Caffe SSD
291,0.10983191430568695,Caffe SSD
291,0.10639793425798416,Caffe SSD
291,0.10386800020933151,Caffe SSD
291,0.10074669867753983,Caffe SSD
291,0.10041549056768417,Caffe SSD
291,0.10024221241474152,Caffe SSD
292,0.9668029546737671,Caffe SSD
292,0.6057851314544678,Caffe SSD
292,0.11250796169042587,Caffe SSD
292,0.11128155887126923,Caffe SSD
292,0.1066175103187561,Caffe SSD
292,0.10556641221046448,Caffe SSD
292,0.10527447611093521,Caffe SSD
292,0.10091768205165863,Caffe SSD
292,0.10034448653459549,Caffe SSD
293,0.9722673296928406,Caffe SSD
293,0.5904677510261536,Caffe SSD
293,0.11583459377288818,Caffe SSD
293,0.11509110778570175,Caffe SSD
293,0.11505544930696487,Caffe SSD
293,0.10773194581270218,Caffe SSD
293,0.1036696657538414,Caffe SSD
293,0.10215436667203903,Caffe SSD
293,0.1001061350107193,Caffe SSD
294,0.9734338521957397,Caffe SSD
294,0.6146834492683411,Caffe SSD
294,0.11550267785787582,Caffe SSD
294,0.11492469161748886,Caffe SSD
294,0.10768741369247437,Caffe SSD
294,0.10083924978971481,Caffe SSD
294,0.10002230852842331,Caffe SSD
295,0.9755679368972778,Caffe SSD
295,0.6161152720451355,Caffe SSD
295,0.1097060963511467,Caffe SSD
295,0.10820796340703964,Caffe SSD
295,0.10773448646068573,Caffe SSD
295,0.10258830338716507,Caffe SSD
295,0.10111314803361893,Caffe SSD
296,0.9767098426818848,Caffe SSD
296,0.609409749507904,Caffe SSD
296,0.10877916216850281,Caffe SSD
296,0.10732666403055191,Caffe SSD
296,0.10684547573328018,Caffe SSD
296,0.10242760181427002,Caffe SSD
297,0.9774624109268188,Caffe SSD
297,0.6139184236526489,Caffe SSD
297,0.11021919548511505,Caffe SSD
297,0.10365688055753708,Caffe SSD
297,0.1034092977643013,Caffe SSD
297,0.10174592584371567,Caffe SSD
298,0.9805130958557129,Caffe SSD
298,0.6254876852035522,Caffe SSD
298,0.10978306829929352,Caffe SSD
298,0.10352330654859543,Caffe SSD
298,0.10170600563287735,Caffe SSD
298,0.10140323638916016,Caffe SSD
299,0.9822829365730286,Caffe SSD
299,0.5773415565490723,Caffe SSD
299,0.10717166215181351,Caffe SSD
299,0.10353533178567886,Caffe SSD
300,0.9837738275527954,Caffe SSD
300,0.5795910954475403,Caffe SSD
300,0.10941701382398605,Caffe SSD
300,0.10201754420995712,Caffe SSD
301,0.985300600528717,Caffe SSD
301,0.5984600782394409,Caffe SSD
301,0.10923916101455688,Caffe SSD
301,0.10646679997444153,Caffe SSD
301,0.10335856676101685,Caffe SSD
302,0.9865728616714478,Caffe SSD
302,0.6370001435279846,Caffe SSD
302,0.11806930601596832,Caffe SSD
302,0.10614251345396042,Caffe SSD
302,0.10465411841869354,Caffe SSD
303,0.9877413511276245,Caffe SSD
303,0.6332058310508728,Caffe SSD
303,0.11165393143892288,Caffe SSD
303,0.10825416445732117,Caffe SSD
303,0.10408630222082138,Caffe SSD
303,0.10176366567611694,Caffe SSD
303,0.10129714012145996,Caffe SSD
303,0.10039975494146347,Caffe SSD
304,0.9870678782463074,Caffe SSD
304,0.6486588716506958,Caffe SSD
304,0.11644762009382248,Caffe SSD
304,0.1058964878320694,Caffe SSD
304,0.10484404116868973,Caffe SSD
305,0.9868243336677551,Caffe SSD
305,0.6257374882698059,Caffe SSD
305,0.1128225177526474,Caffe SSD
305,0.10432243347167969,Caffe SSD
305,0.10420123487710953,Caffe SSD
305,0.10344593971967697,Caffe SSD
305,0.10089782625436783,Caffe SSD
306,0.9872565269470215,Caffe SSD
306,0.6164606213569641,Caffe SSD
306,0.11291833966970444,Caffe SSD
306,0.106922946870327,Caffe SSD
306,0.10356098413467407,Caffe SSD
306,0.10286305844783783,Caffe SSD
306,0.10119210183620453,Caffe SSD
307,0.9856963157653809,Caffe SSD
307,0.6683741807937622,Caffe SSD
307,0.10895218700170517,Caffe SSD
307,0.1064094752073288,Caffe SSD
307,0.10355639457702637,Caffe SSD
307,0.1031237468123436,Caffe SSD
307,0.10158979147672653,Caffe SSD
308,0.9873719215393066,Caffe SSD
308,0.6865057945251465,Caffe SSD
308,0.11280084401369095,Caffe SSD
308,0.10925938189029694,Caffe SSD
308,0.10478398948907852,Caffe SSD
308,0.10376045852899551,Caffe SSD
309,0.9890301823616028,Caffe SSD
309,0.712914764881134,Caffe SSD
309,0.11587178707122803,Caffe SSD
309,0.10364717245101929,Caffe SSD
309,0.10209080576896667,Caffe SSD
309,0.10204107314348221,Caffe SSD
310,0.9895963072776794,Caffe SSD
310,0.7649545073509216,Caffe SSD
310,0.11654891073703766,Caffe SSD
310,0.10883932560682297,Caffe SSD
310,0.104860819876194,Caffe SSD
310,0.10329736769199371,Caffe SSD
311,0.9904500842094421,Caffe SSD
311,0.8012099266052246,Caffe SSD
311,0.12842150032520294,Caffe SSD
311,0.11729241162538528,Caffe SSD
311,0.10114754736423492,Caffe SSD
311,0.10051658749580383,Caffe SSD
312,0.9896520972251892,Caffe SSD
312,0.8158833980560303,Caffe SSD
312,0.1281086802482605,Caffe SSD
312,0.10220573097467422,Caffe SSD
313,0.988281786441803,Caffe SSD
313,0.8372462391853333,Caffe SSD
313,0.12014845013618469,Caffe SSD
314,0.9868357181549072,Caffe SSD
314,0.853751003742218,Caffe SSD
314,0.11685285717248917,Caffe SSD
314,0.10271494090557098,Caffe SSD
315,0.9867531061172485,Caffe SSD
315,0.818004310131073,Caffe SSD
315,0.11790171265602112,Caffe SSD
315,0.1003778949379921,Caffe SSD
316,0.9864853620529175,Caffe SSD
316,0.7858506441116333,Caffe SSD
316,0.1188339963555336,Caffe SSD
317,0.9870567321777344,Caffe SSD
317,0.8048275113105774,Caffe SSD
317,0.1194349154829979,Caffe SSD
318,0.9876940250396729,Caffe SSD
318,0.8315080404281616,Caffe SSD
318,0.11089282482862473,Caffe SSD
318,0.1074591726064682,Caffe SSD
318,0.10590954124927521,Caffe SSD
318,0.1013796478509903,Caffe SSD
318,0.10132072120904922,Caffe SSD
319,0.9878398776054382,Caffe SSD
319,0.8307263851165771,Caffe SSD
319,0.11850424855947495,Caffe SSD
319,0.1178574413061142,Caffe SSD
319,0.11540873348712921,Caffe SSD
319,0.10491162538528442,Caffe SSD
320,0.9872633814811707,Caffe SSD
320,0.8245940804481506,Caffe SSD
320,0.14059101045131683,Caffe SSD
320,0.13169251382350922,Caffe SSD
320,0.12060238420963287,Caffe SSD
320,0.1115056723356247,Caffe SSD
320,0.10145796090364456,Caffe SSD
320,0.1012476235628128,Caffe SSD
321,0.9884900450706482,Caffe SSD
321,0.8331835865974426,Caffe SSD
321,0.16487613320350647,Caffe SSD
321,0.11867250502109528,Caffe SSD
321,0.11363615840673447,Caffe SSD
321,0.10965313762426376,Caffe SSD
321,0.10866272449493408,Caffe SSD
322,0.9903428554534912,Caffe SSD
322,0.8313923478126526,Caffe SSD
322,0.1295396238565445,Caffe SSD
322,0.11610478907823563,Caffe SSD
322,0.11246128380298615,Caffe SSD
322,0.10626061260700226,Caffe SSD
323,0.988925039768219,Caffe SSD
323,0.8324812650680542,Caffe SSD
323,0.1250891536474228,Caffe SSD
323,0.11541177332401276,Caffe SSD
323,0.11466488987207413,Caffe SSD
323,0.10927135497331619,Caffe SSD
323,0.10481753945350647,Caffe SSD
324,0.9855350255966187,Caffe SSD
324,0.8277930617332458,Caffe SSD
324,0.11157093942165375,Caffe SSD
324,0.10787668824195862,Caffe SSD
324,0.10775545239448547,Caffe SSD
324,0.10457051545381546,Caffe SSD
325,0.9837055206298828,Caffe SSD
325,0.8273884057998657,Caffe SSD
325,0.1088889092206955,Caffe SSD
325,0.10563232749700546,Caffe SSD
325,0.10250786691904068,Caffe SSD
326,0.9863903522491455,Caffe SSD
326,0.8033607602119446,Caffe SSD
326,0.10400602221488953,Caffe SSD
326,0.10367806255817413,Caffe SSD
326,0.10346618294715881,Caffe SSD
327,0.988867461681366,Caffe SSD
327,0.779874861240387,Caffe SSD
327,0.10403922200202942,Caffe SSD
327,0.10304863005876541,Caffe SSD
328,0.9899885058403015,Caffe SSD
328,0.7945008277893066,Caffe SSD
328,0.10475371032953262,Caffe SSD
328,0.10361295938491821,Caffe SSD
328,0.10129642486572266,Caffe SSD
328,0.10031353682279587,Caffe SSD
329,0.9913350939750671,Caffe SSD
329,0.8455297350883484,Caffe SSD
329,0.10632625222206116,Caffe SSD
329,0.10188319534063339,Caffe SSD
330,0.9900532364845276,Caffe SSD
330,0.8699001669883728,Caffe SSD
330,0.1087176501750946,Caffe SSD
330,0.10647913813591003,Caffe SSD
331,0.9907724857330322,Caffe SSD
331,0.8806341886520386,Caffe SSD
331,0.1081911250948906,Caffe SSD
331,0.10786576569080353,Caffe SSD
332,0.9891356229782104,Caffe SSD
332,0.8668924570083618,Caffe SSD
332,0.10423772782087326,Caffe SSD
332,0.10279155522584915,Caffe SSD
333,0.9919033646583557,Caffe SSD
333,0.853597104549408,Caffe SSD
333,0.10319989174604416,Caffe SSD
334,0.9907756447792053,Caffe SSD
334,0.8876472115516663,Caffe SSD
334,0.10340258479118347,Caffe SSD
335,0.9906895160675049,Caffe SSD
335,0.9086201786994934,Caffe SSD
335,0.10646960884332657,Caffe SSD
336,0.9915497303009033,Caffe SSD
336,0.9148266315460205,Caffe SSD
336,0.1117825135588646,Caffe SSD
336,0.100070521235466,Caffe SSD
337,0.9927527904510498,Caffe SSD
337,0.9178801774978638,Caffe SSD
337,0.10488485544919968,Caffe SSD
337,0.10275832563638687,Caffe SSD
338,0.9916959404945374,Caffe SSD
338,0.9218289256095886,Caffe SSD
338,0.10684377700090408,Caffe SSD
339,0.9885414838790894,Caffe SSD
339,0.930820643901825,Caffe SSD
339,0.10899399220943451,Caffe SSD
339,0.10450583696365356,Caffe SSD
339,0.10159263014793396,Caffe SSD
340,0.9847878217697144,Caffe SSD
340,0.9313931465148926,Caffe SSD
340,0.10640575736761093,Caffe SSD
340,0.10583221912384033,Caffe SSD
340,0.10555017739534378,Caffe SSD
341,0.9824557304382324,Caffe SSD
341,0.9488698244094849,Caffe SSD
341,0.10728494077920914,Caffe SSD
341,0.10634686797857285,Caffe SSD
341,0.10346891731023788,Caffe SSD
342,0.9800615906715393,Caffe SSD
342,0.9646748304367065,Caffe SSD
342,0.1054472029209137,Caffe SSD
342,0.10448865592479706,Caffe SSD
343,0.9839059710502625,Caffe SSD
343,0.9703494310379028,Caffe SSD
343,0.11061949282884598,Caffe SSD
343,0.10653939843177795,Caffe SSD
343,0.10459194332361221,Caffe SSD
344,0.9821365475654602,Caffe SSD
344,0.96802818775177,Caffe SSD
344,0.10896940529346466,Caffe SSD
344,0.10644538700580597,Caffe SSD
345,0.9830428957939148,Caffe SSD
345,0.9653783440589905,Caffe SSD
345,0.11022085696458817,Caffe SSD
345,0.10790497809648514,Caffe SSD
346,0.9791296124458313,Caffe SSD
346,0.9627675414085388,Caffe SSD
346,0.11183992028236389,Caffe SSD
346,0.10761287808418274,Caffe SSD
346,0.10069691389799118,Caffe SSD
346,0.10049193352460861,Caffe SSD
347,0.9719238877296448,Caffe SSD
347,0.9620240330696106,Caffe SSD
347,0.10528677701950073,Caffe SSD
347,0.10381956398487091,Caffe SSD
347,0.10116874426603317,Caffe SSD
348,0.9675975441932678,Caffe SSD
348,0.9610880613327026,Caffe SSD
348,0.10025462508201599,Caffe SSD
349,0.9684099555015564,Caffe SSD
349,0.9630348086357117,Caffe SSD
349,0.10232735425233841,Caffe SSD
349,0.10208412259817123,Caffe SSD
350,0.9751216769218445,Caffe SSD
350,0.968134880065918,Caffe SSD
350,0.10145936906337738,Caffe SSD
350,0.10019955784082413,Caffe SSD
350,0.10015102475881577,Caffe SSD
351,0.9794285893440247,Caffe SSD
351,0.9681154489517212,Caffe SSD
351,0.13229259848594666,Caffe SSD
351,0.10600809752941132,Caffe SSD
351,0.10491922497749329,Caffe SSD
351,0.10043416917324066,Caffe SSD
352,0.9842191338539124,Caffe SSD
352,0.9714058041572571,Caffe SSD
352,0.10916593670845032,Caffe SSD
352,0.10743210464715958,Caffe SSD
352,0.10323745012283325,Caffe SSD
352,0.10274112969636917,Caffe SSD
353,0.9854708909988403,Caffe SSD
353,0.9755004048347473,Caffe SSD
353,0.10878083109855652,Caffe SSD
353,0.10711411386728287,Caffe SSD
353,0.10262127220630646,Caffe SSD
353,0.10234042257070541,Caffe SSD
353,0.10157003253698349,Caffe SSD
353,0.10055634379386902,Caffe SSD
354,0.985548198223114,Caffe SSD
354,0.977235734462738,Caffe SSD
354,0.11918390542268753,Caffe SSD
354,0.11132713407278061,Caffe SSD
354,0.10724722594022751,Caffe SSD
354,0.10294093191623688,Caffe SSD
354,0.10062304884195328,Caffe SSD
355,0.9836281538009644,Caffe SSD
355,0.9792786836624146,Caffe SSD
355,0.13362593948841095,Caffe SSD
355,0.13220489025115967,Caffe SSD
355,0.11263402551412582,Caffe SSD
355,0.11101257801055908,Caffe SSD
355,0.10351182520389557,Caffe SSD
355,0.10333973169326782,Caffe SSD
355,0.10176697373390198,Caffe SSD
356,0.9831303358078003,Caffe SSD
356,0.9805710911750793,Caffe SSD
356,0.1615186333656311,Caffe SSD
356,0.1156088188290596,Caffe SSD
356,0.11202322691679001,Caffe SSD
356,0.10770581662654877,Caffe SSD
356,0.1062670573592186,Caffe SSD
356,0.1037372350692749,Caffe SSD
356,0.10287650674581528,Caffe SSD
357,0.9813488125801086,Caffe SSD
357,0.9780306220054626,Caffe SSD
357,0.16387143731117249,Caffe SSD
357,0.12328404933214188,Caffe SSD
357,0.1127457469701767,Caffe SSD
357,0.10838169604539871,Caffe SSD
357,0.10676660388708115,Caffe SSD
357,0.10544509440660477,Caffe SSD
357,0.10226359218358994,Caffe SSD
358,0.9781156182289124,Caffe SSD
358,0.9754475355148315,Caffe SSD
358,0.15984895825386047,Caffe SSD
358,0.11243315786123276,Caffe SSD
358,0.11116080731153488,Caffe SSD
358,0.10621136426925659,Caffe SSD
358,0.10603640228509903,Caffe SSD
358,0.10582991689443588,Caffe SSD
358,0.10476185381412506,Caffe SSD
358,0.10087727755308151,Caffe SSD
359,0.9788628816604614,Caffe SSD
359,0.9704791307449341,Caffe SSD
359,0.12710455060005188,Caffe SSD
359,0.122250497341156,Caffe SSD
359,0.10896923393011093,Caffe SSD
359,0.10396017134189606,Caffe SSD
359,0.10278692096471786,Caffe SSD
360,0.9779089093208313,Caffe SSD
360,0.9650861620903015,Caffe SSD
360,0.13284768164157867,Caffe SSD
360,0.11639147251844406,Caffe SSD
360,0.10351064056158066,Caffe SSD
360,0.10046756267547607,Caffe SSD
361,0.9787293672561646,Caffe SSD
361,0.9669519662857056,Caffe SSD
361,0.13661915063858032,Caffe SSD
361,0.12448587268590927,Caffe SSD
361,0.10252128541469574,Caffe SSD
361,0.10156252980232239,Caffe SSD
361,0.10122324526309967,Caffe SSD
362,0.9783383011817932,Caffe SSD
362,0.9671401381492615,Caffe SSD
362,0.13840900361537933,Caffe SSD
362,0.1381141096353531,Caffe SSD
362,0.10544208437204361,Caffe SSD
362,0.10292677581310272,Caffe SSD
362,0.10224106162786484,Caffe SSD
362,0.10149474442005157,Caffe SSD
363,0.9810255169868469,Caffe SSD
363,0.9681453704833984,Caffe SSD
363,0.13073894381523132,Caffe SSD
363,0.12101025134325027,Caffe SSD
363,0.10275875777006149,Caffe SSD
363,0.10140176862478256,Caffe SSD
363,0.10095728188753128,Caffe SSD
364,0.9820032715797424,Caffe SSD
364,0.9670959711074829,Caffe SSD
364,0.12543132901191711,Caffe SSD
364,0.11449488997459412,Caffe SSD
364,0.1056058406829834,Caffe SSD
364,0.10433615744113922,Caffe SSD
364,0.10282891988754272,Caffe SSD
364,0.10143383592367172,Caffe SSD
365,0.9820776581764221,Caffe SSD
365,0.9642719030380249,Caffe SSD
365,0.12350203841924667,Caffe SSD
365,0.11969803273677826,Caffe SSD
365,0.1044277623295784,Caffe SSD
365,0.10131954401731491,Caffe SSD
365,0.10123318433761597,Caffe SSD
366,0.9824011921882629,Caffe SSD
366,0.9644787311553955,Caffe SSD
366,0.12958064675331116,Caffe SSD
366,0.11446931958198547,Caffe SSD
366,0.11200026422739029,Caffe SSD
367,0.981427788734436,Caffe SSD
367,0.9651951789855957,Caffe SSD
367,0.11668378859758377,Caffe SSD
367,0.10749293118715286,Caffe SSD
367,0.10374822467565536,Caffe SSD
368,0.9807422161102295,Caffe SSD
368,0.9628869891166687,Caffe SSD
368,0.13597099483013153,Caffe SSD
368,0.10245242714881897,Caffe SSD
368,0.10038593411445618,Caffe SSD
369,0.9787243008613586,Caffe SSD
369,0.9610263705253601,Caffe SSD
369,0.1545581966638565,Caffe SSD
369,0.10998217016458511,Caffe SSD
369,0.10437078773975372,Caffe SSD
369,0.1009746715426445,Caffe SSD
369,0.10044488310813904,Caffe SSD
370,0.9768962264060974,Caffe SSD
370,0.9586735367774963,Caffe SSD
370,0.12236064672470093,Caffe SSD
370,0.12142662703990936,Caffe SSD
370,0.10583379864692688,Caffe SSD
370,0.10520604997873306,Caffe SSD
371,0.9767871499061584,Caffe SSD
371,0.9567384123802185,Caffe SSD
371,0.12471825629472733,Caffe SSD
371,0.10666073858737946,Caffe SSD
371,0.10610231757164001,Caffe SSD
371,0.10481320321559906,Caffe SSD
371,0.10348041355609894,Caffe SSD
372,0.9724145531654358,Caffe SSD
372,0.9566341042518616,Caffe SSD
372,0.14314697682857513,Caffe SSD
372,0.1343945413827896,Caffe SSD
372,0.12591858208179474,Caffe SSD
372,0.10559909790754318,Caffe SSD
372,0.10288641601800919,Caffe SSD
373,0.9584430456161499,Caffe SSD
373,0.9565597176551819,Caffe SSD
373,0.14496321976184845,Caffe SSD
373,0.12888206541538239,Caffe SSD
373,0.11039627343416214,Caffe SSD
373,0.10251733660697937,Caffe SSD
373,0.10238970071077347,Caffe SSD
373,0.1002289280295372,Caffe SSD
374,0.9642127156257629,Caffe SSD
374,0.9588302969932556,Caffe SSD
374,0.1526000052690506,Caffe SSD
374,0.11838161945343018,Caffe SSD
374,0.11074396967887878,Caffe SSD
374,0.11002399027347565,Caffe SSD
374,0.10242344439029694,Caffe SSD
374,0.10238143056631088,Caffe SSD
374,0.10181767493486404,Caffe SSD
375,0.9647877812385559,Caffe SSD
375,0.9591770172119141,Caffe SSD
375,0.16190192103385925,Caffe SSD
375,0.13453537225723267,Caffe SSD
375,0.10915357619524002,Caffe SSD
375,0.10841397196054459,Caffe SSD
375,0.10572455823421478,Caffe SSD
375,0.10298676043748856,Caffe SSD
375,0.10275959223508835,Caffe SSD
376,0.9705624580383301,Caffe SSD
376,0.9587273001670837,Caffe SSD
376,0.15835629403591156,Caffe SSD
376,0.1304214745759964,Caffe SSD
376,0.10606764256954193,Caffe SSD
376,0.10386868566274643,Caffe SSD
376,0.1031249389052391,Caffe SSD
377,0.9713054895401001,Caffe SSD
377,0.9589653611183167,Caffe SSD
377,0.15331527590751648,Caffe SSD
377,0.14848288893699646,Caffe SSD
377,0.10614251345396042,Caffe SSD
377,0.104088194668293,Caffe SSD
377,0.10252007842063904,Caffe SSD
377,0.1018080860376358,Caffe SSD
378,0.9725010991096497,Caffe SSD
378,0.9560715556144714,Caffe SSD
378,0.13598889112472534,Caffe SSD
378,0.1297404021024704,Caffe SSD
378,0.11215098947286606,Caffe SSD
378,0.10405223816633224,Caffe SSD
379,0.9717757105827332,Caffe SSD
379,0.9558109641075134,Caffe SSD
379,0.17338362336158752,Caffe SSD
379,0.11742305755615234,Caffe SSD
379,0.10950185358524323,Caffe SSD
379,0.102438785135746,Caffe SSD
380,0.9770066142082214,Caffe SSD
380,0.9579915404319763,Caffe SSD
380,0.18096525967121124,Caffe SSD
380,0.11337825655937195,Caffe SSD
380,0.10083901137113571,Caffe SSD
381,0.9842372536659241,Caffe SSD
381,0.9619749188423157,Caffe SSD
381,0.16308067739009857,Caffe SSD
381,0.10743272304534912,Caffe SSD
381,0.10252179205417633,Caffe SSD
382,0.9861527681350708,Caffe SSD
382,0.9633427858352661,Caffe SSD
382,0.1569155752658844,Caffe SSD
383,0.9870677590370178,Caffe SSD
383,0.9640657305717468,Caffe SSD
383,0.16413620114326477,Caffe SSD
383,0.10546498000621796,Caffe SSD
384,0.986596405506134,Caffe SSD
384,0.967912495136261,Caffe SSD
384,0.1828577220439911,Caffe SSD
385,0.9853544235229492,Caffe SSD
385,0.9700465202331543,Caffe SSD
385,0.20386745035648346,Caffe SSD
386,0.9861426949501038,Caffe SSD
386,0.9709468483924866,Caffe SSD
386,0.20014452934265137,Caffe SSD
386,0.1151440367102623,Caffe SSD
387,0.9897640943527222,Caffe SSD
387,0.9722075462341309,Caffe SSD
387,0.19719207286834717,Caffe SSD
388,0.9904642105102539,Caffe SSD
388,0.9718309640884399,Caffe SSD
388,0.2026539295911789,Caffe SSD
388,0.13044722378253937,Caffe SSD
389,0.9926413893699646,Caffe SSD
389,0.9719781875610352,Caffe SSD
389,0.19744034111499786,Caffe SSD
389,0.11545506119728088,Caffe SSD
389,0.11011061072349548,Caffe SSD
390,0.993748664855957,Caffe SSD
390,0.9732710123062134,Caffe SSD
390,0.18704935908317566,Caffe SSD
390,0.12971217930316925,Caffe SSD
390,0.10261443257331848,Caffe SSD
391,0.9948345422744751,Caffe SSD
391,0.972093403339386,Caffe SSD
391,0.18570245802402496,Caffe SSD
391,0.15019479393959045,Caffe SSD
391,0.1171465739607811,Caffe SSD
391,0.11386668682098389,Caffe SSD
391,0.10170675069093704,Caffe SSD
391,0.10119401663541794,Caffe SSD
392,0.9954289197921753,Caffe SSD
392,0.9737740755081177,Caffe SSD
392,0.18387025594711304,Caffe SSD
392,0.15075230598449707,Caffe SSD
392,0.11847838759422302,Caffe SSD
393,0.9943589568138123,Caffe SSD
393,0.9737175703048706,Caffe SSD
393,0.17929436266422272,Caffe SSD
393,0.1370239108800888,Caffe SSD
393,0.12778617441654205,Caffe SSD
394,0.9930556416511536,Caffe SSD
394,0.9747070670127869,Caffe SSD
394,0.1841869354248047,Caffe SSD
394,0.13447344303131104,Caffe SSD
394,0.12292428314685822,Caffe SSD
394,0.10150092095136642,Caffe SSD
395,0.9940488338470459,Caffe SSD
395,0.9765465259552002,Caffe SSD
395,0.22748960554599762,Caffe SSD
395,0.1379714012145996,Caffe SSD
395,0.1232319176197052,Caffe SSD
395,0.10546187311410904,Caffe SSD
396,0.995337724685669,Caffe SSD
396,0.9777333736419678,Caffe SSD
396,0.27660563588142395,Caffe SSD
396,0.13575711846351624,Caffe SSD
396,0.1178569421172142,Caffe SSD
396,0.10952436923980713,Caffe SSD
397,0.996364414691925,Caffe SSD
397,0.9775630235671997,Caffe SSD
397,0.31385377049446106,Caffe SSD
397,0.1357647031545639,Caffe SSD
397,0.1130218580365181,Caffe SSD
397,0.10370830446481705,Caffe SSD
398,0.9967113733291626,Caffe SSD
398,0.9791384339332581,Caffe SSD
398,0.3789631724357605,Caffe SSD
398,0.13786257803440094,Caffe SSD
398,0.10568466037511826,Caffe SSD
398,0.10457743704319,Caffe SSD
398,0.10038021951913834,Caffe SSD
399,0.9964351654052734,Caffe SSD
399,0.9803035855293274,Caffe SSD
399,0.3589169383049011,Caffe SSD
399,0.14189349114894867,Caffe SSD
399,0.11076407134532928,Caffe SSD
399,0.1055896058678627,Caffe SSD
400,0.9966782331466675,Caffe SSD
400,0.9839008450508118,Caffe SSD
400,0.32469144463539124,Caffe SSD
400,0.15109474956989288,Caffe SSD
400,0.11288996785879135,Caffe SSD
401,0.9966206550598145,Caffe SSD
401,0.9853478074073792,Caffe SSD
401,0.2796267867088318,Caffe SSD
401,0.14882156252861023,Caffe SSD
401,0.10931915789842606,Caffe SSD
